word,corpus_frequency,number_docs,POS
the,20792,1223,DET
to,19546,1257,ADP
i,18402,1255,PRON
of,15293,1254,ADP
you,9350,1173,PRON
a,9025,1217,DET
in,8705,1222,ADP
and,8453,1000,CCONJ
that,7309,1187,SCONJ
it,6678,1152,PRON
for,6535,1203,ADP
is,6162,1126,AUX
my,6111,1155,PRON
be,5480,1168,AUX
have,5380,1165,AUX
not,5337,1161,PART
as,5260,1121,ADP
your,4945,1072,PRON
he,4448,916,PRON
but,4202,1048,CCONJ
with,4112,1112,ADP
me,3967,1037,PRON
will,3720,1075,AUX
this,3364,1052,DET
his,3334,916,PRON
at,3307,998,ADP
was,3141,861,AUX
so,3000,944,ADV
which,2698,899,DET
by,2632,962,ADP
him,2622,800,PRON
's,2603,860,PART
are,2570,923,AUX
all,2566,949,DET
very,2459,897,ADV
ye,2401,337,DET
am,2351,985,AUX
from,2344,936,ADP
if,2340,893,SCONJ
mr,2260,784,PROPN
had,2033,794,AUX
on,1965,778,ADP
they,1951,704,PRON
has,1898,714,AUX
or,1870,773,CCONJ
we,1861,628,PRON
her,1848,410,PRON
can,1701,799,AUX
do,1701,715,AUX
may,1580,785,AUX
shall,1575,777,AUX
one,1572,714,NUM
much,1479,755,ADJ
what,1473,712,PRON
them,1433,645,PRON
no,1422,700,DET
any,1412,726,DET
would,1368,636,AUX
an,1364,732,DET
our,1359,579,PRON
good,1335,705,ADJ
she,1335,336,PRON
upon,1329,625,SCONJ
now,1326,710,ADV
who,1318,650,PRON
more,1307,678,ADJ
been,1292,679,AUX
lord,1284,525,PROPN
there,1275,632,ADV
when,1200,664,SCONJ
some,1196,662,DET
well,1165,663,ADV
great,1154,634,ADJ
time,1139,671,NOUN
most,1134,656,ADV
should,1104,581,AUX
must,1104,613,AUX
think,1077,604,VERB
letter,1064,644,NOUN
dear,1063,630,NOUN
know,1055,593,VERB
last,1003,634,ADJ
hope,998,627,VERB
their,992,508,PRON
out,986,552,ADP
about,944,507,ADP
here,916,540,ADV
see,868,528,VERB
being,847,526,AUX
make,843,535,VERB
than,842,494,ADP
say,804,475,VERB
other,800,526,ADJ
give,799,511,VERB
sr,796,273,PROPN
were,791,449,AUX
us,783,420,PRON
then,768,455,ADV
only,754,485,ADV
little,729,451,ADJ
ever,719,484,ADV
tho,713,435,PROPN
such,712,450,DET
day,707,452,NOUN
how,695,461,SCONJ
could,685,420,AUX
yet,674,431,CCONJ
up,665,430,ADP
come,661,450,VERB
hear,646,424,VERB
before,645,447,ADP
made,639,428,VERB
sir,636,358,PROPN
house,630,372,NOUN
own,616,388,VERB
n't,614,297,PART
long,604,415,VERB
take,603,412,VERB
every,597,383,DET
into,594,410,ADP
never,569,346,ADV
son,562,391,NOUN
send,561,382,VERB
tell,560,360,VERB
two,557,411,NUM
after,554,391,ADP
did,552,353,AUX
wish,549,400,VERB
these,545,398,DET
london,540,410,PROPN
too,535,351,ADV
sent,525,377,VERB
next,520,383,ADJ
like,517,356,ADP
nothing,515,376,PRON
wch,515,180,NOUN
first,511,376,ADV
myself,508,321,PRON
brother,508,332,NOUN
till,508,380,SCONJ
without,502,357,ADP
better,502,375,ADJ
present,502,354,ADJ
place,498,342,NOUN
account,492,350,NOUN
since,490,368,SCONJ
find,487,358,VERB
thing,485,330,NOUN
both,485,353,DET
mrs,484,260,PROPN
majesty,475,112,NOUN
believe,474,336,VERB
way,471,358,NOUN
man,466,327,NOUN
lady,464,246,NOUN
many,459,354,ADJ
go,458,293,VERB
best,441,338,ADJ
told,439,280,VERB
soon,438,331,ADV
said,438,262,VERB
yours,434,373,NOUN
same,433,330,ADJ
part,423,291,NOUN
town,421,285,NOUN
those,417,297,DET
att,416,156,PROPN
might,415,296,AUX
where,413,314,SCONJ
love,412,285,NOUN
write,411,295,VERB
glad,397,311,ADJ
having,395,296,VERB
friend,392,287,NOUN
friends,391,295,NOUN
again,384,291,ADV
dr,379,227,PROPN
things,375,287,NOUN
service,374,305,NOUN
thought,367,270,VERB
desire,363,273,NOUN
done,362,266,VERB
answer,361,260,VERB
came,358,272,VERB
over,356,288,ADV
therefore,352,264,ADV
let,349,259,VERB
kind,349,283,ADJ
country,349,277,NOUN
new,345,276,ADJ
return,345,267,VERB
received,341,279,VERB
poor,339,221,ADJ
pray,339,236,VERB
ld,331,137,PROPN
tis,327,182,NUM
old,326,231,ADJ
sure,324,249,ADJ
leave,321,252,VERB
also,321,241,ADV
least,314,250,ADJ
another,314,256,DET
however,312,236,ADV
god,311,228,PROPN
people,305,224,NOUN
duke,303,184,NOUN
just,303,243,ADV
week,298,231,NOUN
always,295,217,ADV
night,294,217,NOUN
grace,293,118,NOUN
king,292,173,NOUN
left,289,237,VERB
news,289,226,NOUN
put,289,228,VERB
himself,289,219,PRON
hath,287,145,VERB
post,287,213,NOUN
heard,286,231,VERB
indeed,285,215,ADV
ly,284,85,NOUN
near,283,240,ADV
unto,283,99,ADV
yr,280,106,PROPN
taken,278,227,VERB
enough,277,212,ADV
servant,274,254,NOUN
home,273,209,ADV
whole,272,202,ADJ
family,272,198,NOUN
pleasure,271,215,NOUN
get,267,214,VERB
health,267,207,NOUN
letters,265,203,NOUN
given,264,225,VERB
butt,263,47,NOUN
humble,262,235,ADJ
beg,260,208,VERB
days,260,215,NOUN
says,259,174,VERB
reason,258,215,NOUN
against,257,195,ADP
fear,256,201,NOUN
care,251,217,VERB
order,250,205,VERB
does,249,191,AUX
james,247,172,PROPN
duty,247,194,NOUN
sister,247,165,NOUN
yesterday,245,199,NOUN
years,245,168,NOUN
seen,245,186,VERB
going,244,201,VERB
life,244,187,NOUN
right,243,202,ADV
under,241,194,ADP
went,241,178,VERB
money,241,171,NOUN
whom,241,196,PRON
use,240,200,NOUN
ill,239,202,ADJ
year,239,175,NOUN
whether,239,194,SCONJ
men,238,174,NOUN
nor,238,201,CCONJ
case,237,190,NOUN
ca,236,176,AUX
still,235,199,ADV
its,232,174,PRON
obliged,231,193,VERB
£,231,108,SYM
want,230,190,NOUN
quite,230,170,ADV
business,229,177,NOUN
world,228,177,NOUN
pleased,227,183,ADJ
yt,225,106,INTJ
2,223,159,NUM
found,223,175,VERB
c.,222,180,PROPN
keep,222,186,VERB
morning,221,186,NOUN
because,221,163,SCONJ
sorry,221,193,ADJ
got,220,186,VERB
opinion,220,177,NOUN
manner,220,173,NOUN
mind,219,175,NOUN
rather,218,178,ADV
lordship,217,80,NOUN
body,216,166,NOUN
down,213,181,ADV
person,212,172,NOUN
late,212,191,ADV
doubt,212,188,VERB
company,211,168,NOUN
general,210,151,ADJ
queen,209,133,NOUN
please,208,172,VERB
gave,208,173,VERB
george,208,168,PROPN
3,208,160,NUM
hopes,205,174,NOUN
even,205,158,ADV
father,204,181,NOUN
word,203,168,NOUN
three,203,164,NUM
trouble,201,172,NOUN
read,201,144,VERB
perhaps,201,171,ADV
few,201,168,ADJ
either,200,161,CCONJ
set,198,157,VERB
end,198,169,NOUN
expect,196,177,VERB
saw,195,149,VERB
happy,194,159,ADJ
subject,194,163,NOUN
thank,194,164,VERB
off,192,162,ADV
able,191,159,ADJ
hand,191,168,NOUN
short,190,158,ADJ
pretty,190,142,ADV
favour,190,165,NOUN
mean,189,155,VERB
doe,188,117,VERB
certainly,188,159,ADV
fine,188,137,ADJ
wrote,186,145,VERB
wth,185,81,NOUN
head,184,158,NOUN
writ,183,128,VERB
fleming,183,103,NOUN
once,182,149,SCONJ
anything,182,147,PRON
far,182,158,ADV
true,182,152,ADJ
pay,180,147,VERB
rest,180,159,NOUN
stay,179,148,VERB
st,178,147,PROPN
suppose,176,148,VERB
interest,176,137,NOUN
wou'd,175,69,VERB
wee,175,56,ADV
half,174,137,DET
young,173,138,ADJ
occasion,173,149,NOUN
master,172,141,NOUN
gone,171,148,VERB
adieu,171,162,ADJ
miss,170,104,PROPN
've,169,64,AUX
england,168,138,PROPN
seems,168,143,VERB
rydal,168,157,PROPN
small,167,138,ADJ
full,167,146,ADJ
journey,167,141,NOUN
french,167,115,ADJ
lately,167,142,ADV
others,166,148,NOUN
thanks,163,136,NOUN
d.,163,141,PROPN
bill,163,95,NOUN
self,162,130,NOUN
power,161,135,NOUN
writing,160,145,NOUN
wife,160,121,NOUN
yourself,160,135,PRON
heart,159,121,NOUN
hands,159,142,NOUN
brought,159,141,VERB
name,158,131,VERB
mention,157,139,NOUN
greatest,157,133,ADJ
bad,157,123,ADJ
soe,157,84,PROPN
possible,157,138,ADJ
assure,156,129,VERB
affair,156,121,NOUN
almost,156,125,ADV
remember,155,139,VERB
something,154,130,PRON
bring,154,138,VERB
above,154,133,ADP
necessary,153,129,ADJ
really,153,124,ADV
'll,152,99,AUX
oxford,152,120,PROPN
matter,152,119,NOUN
look,152,127,VERB
affairs,151,116,NOUN
honour,151,128,NOUN
meet,151,131,VERB
affectionate,151,140,ADJ
room,151,111,NOUN
ought,150,126,AUX
continue,150,133,VERB
nt,149,97,PART
state,149,127,NOUN
situation,148,106,NOUN
live,147,123,VERB
itt,147,17,ADJ
mother,147,112,NOUN
satisfaction,147,131,NOUN
charles,146,77,NOUN
richmond,146,122,PROPN
already,146,126,ADV
book,145,109,NOUN
away,145,125,ADV
though,144,112,SCONJ
proper,144,120,ADJ
comes,143,127,VERB
july,143,133,PROPN
took,143,118,VERB
coming,143,120,VERB
march,142,117,VERB
cause,142,116,NOUN
court,141,117,NOUN
side,141,116,NOUN
call,141,126,VERB
thoughts,139,123,NOUN
often,138,121,ADV
certain,138,119,ADJ
making,138,121,VERB
receive,138,117,VERB
between,137,124,ADP
deal,136,121,NOUN
makes,136,116,VERB
john,136,101,PROPN
times,135,120,NOUN
means,135,117,VERB
talk,134,110,VERB
whose,134,108,DET
moment,133,103,NOUN
opportunity,133,112,NOUN
bishop,133,103,PROPN
desired,133,112,VERB
bee,132,25,PROPN
prince,132,86,NOUN
further,131,117,ADJ
death,131,107,NOUN
4,131,99,NUM
compliments,131,119,NOUN
lost,130,113,VERB
susan,129,73,PROPN
except,129,119,SCONJ
month,129,116,NOUN
'm,128,69,AUX
while,127,110,NOUN
work,127,97,NOUN
war,126,85,NOUN
children,126,101,NOUN
serve,126,112,VERB
back,125,110,NOUN
turn,125,111,VERB
mine,125,111,NOUN
orders,125,99,NOUN
peace,125,88,NOUN
truth,125,111,NOUN
ready,124,109,ADJ
safe,123,114,ADJ
together,123,107,ADV
less,122,107,ADJ
else,120,110,ADV
besides,120,108,SCONJ
respect,119,99,NOUN
act,119,86,VERB
hall,119,96,PROPN
why,118,98,SCONJ
high,118,102,ADJ
notice,117,106,NOUN
longer,117,103,ADJ
newcastle,117,83,PROPN
church,116,95,NOUN
trust,115,101,VERB
worth,115,95,ADJ
knew,115,104,VERB
gives,115,100,NOUN
you'l,115,84,PUNCT
winter,115,93,NOUN
~,114,69,PROPN
spirits,114,88,NOUN
hither,113,88,ADV
shew,113,98,VERB
woud,113,56,VERB
otherwise,112,101,ADV
advice,112,99,NOUN
sisters,112,102,NOUN
excuse,112,104,NOUN
f.,112,93,PROPN
summer,111,88,NOUN
shou'd,111,48,PROPN
june,110,109,PROPN
several,110,98,ADJ
dearest,109,89,NOUN
fancy,109,92,ADJ
expected,109,100,VERB
ago,108,91,ADV
feel,108,92,VERB
kept,108,101,VERB
wo,107,83,AUX
brothers,107,99,NOUN
lett,107,79,VERB
taking,106,97,VERB
help,106,99,VERB
design,105,86,NOUN
each,105,84,DET
success,105,91,NOUN
gentleman,105,90,NOUN
add,105,98,VERB
paper,105,89,NOUN
wishes,105,99,VERB
lords,105,63,NOUN
particular,104,92,ADJ
former,104,97,ADJ
water,104,67,NOUN
purpose,103,96,NOUN
fit,103,90,ADJ
towards,103,88,ADP
sooner,103,96,ADV
concerning,102,76,VERB
past,102,96,ADP
ireland,101,64,VERB
conduct,101,77,NOUN
tuesday,101,89,PROPN
sort,101,84,NOUN
daniel,101,95,PROPN
spoke,101,78,VERB
horse,101,83,NOUN
garrick,100,54,PROPN
ask,100,92,VERB
themselves,100,86,PRON
5,100,86,NUM
conclude,99,89,VERB
doing,99,94,VERB
wait,99,89,VERB
direct,99,93,ADJ
sincerely,99,90,ADV
second,99,89,ADJ
acquaint,99,89,VERB
regard,99,89,NOUN
perfectly,99,87,ADV
among,99,76,ADP
immediately,99,88,ADV
none,98,91,NOUN
particularly,98,90,ADV
prove,98,85,VERB
worse,98,86,ADJ
visit,97,84,NOUN
thursday,97,77,PROPN
intended,97,87,VERB
hard,97,87,ADV
loss,97,86,NOUN
monday,97,86,PROPN
air,97,71,NOUN
agree,96,86,VERB
goes,96,90,VERB
6,96,89,NUM
consider,96,80,VERB
begin,96,86,VERB
goe,96,74,VERB
college,95,69,NOUN
weeks,95,84,NOUN
point,95,82,NOUN
character,95,75,NOUN
heartily,95,87,ADV
consequence,95,88,NOUN
through,94,87,ADP
neither,94,88,CCONJ
lay,94,84,VERB
judge,94,86,VERB
twas,94,53,PROPN
worthy,93,85,ADJ
beleive,93,72,VERB
evening,92,83,NOUN
strong,92,78,ADJ
s.,92,80,PROPN
north,92,75,NOUN
comfort,92,80,VERB
sunday,92,79,PROPN
7,92,86,NUM
speak,92,76,VERB
weather,92,81,NOUN
pounds,91,72,NOUN
cold,91,76,ADJ
advise,91,77,NOUN
idea,91,77,NOUN
unless,91,76,SCONJ
de,91,70,PROPN
bath,91,69,NOUN
called,91,83,VERB
husband,91,77,NOUN
bear,90,82,VERB
thousand,90,69,NUM
ten,90,83,NUM
knows,90,79,VERB
piozzi,90,41,PROPN
need,90,82,VERB
written,90,75,VERB
cou'd,90,50,VERB
alone,90,81,ADJ
seeing,90,82,VERB
according,90,85,VERB
words,90,65,NOUN
charge,90,78,NOUN
respects,90,81,NOUN
henry,89,78,PROPN
advantage,89,78,NOUN
thus,89,75,ADV
prevent,89,80,VERB
party,89,74,NOUN
p.,88,61,PROPN
willing,88,80,ADJ
20,88,80,NUM
gett,88,59,VERB
army,88,57,NOUN
everything,88,74,PRON
c,88,65,PROPN
saturday,88,80,PROPN
settled,87,82,VERB
accounts,87,79,NOUN
truly,87,80,ADV
attend,87,81,VERB
degree,87,70,NOUN
line,87,78,NOUN
promise,87,73,NOUN
effect,87,78,NOUN
10,87,78,NUM
street,86,76,NOUN
thinke,86,40,VERB
six,86,72,NUM
papers,86,75,NOUN
receiv'd,86,68,VERB
amongst,86,69,ADP
english,86,71,ADJ
entirely,86,77,ADV
copy,86,71,NOUN
matters,86,79,NOUN
affection,85,67,PROPN
daughter,85,70,NOUN
known,85,80,VERB
bed,85,68,NOUN
shoud,85,53,ADV
run,84,78,VERB
future,84,77,NOUN
12,84,77,NUM
hardly,83,77,ADV
paid,83,71,VERB
acquainted,83,75,VERB
used,83,75,VERB
april,83,78,PROPN
whatever,83,76,DET
estate,83,60,NOUN
appear,83,76,VERB
obedient,83,83,ADJ
easily,83,76,ADV
endeavour,83,76,VERB
due,82,73,ADJ
course,82,70,NOUN
happiness,82,71,NOUN
books,82,65,NOUN
haveing,82,71,VERB
child,82,64,NOUN
places,82,76,NOUN
honor,82,66,VERB
thinks,82,71,VERB
greater,82,77,ADJ
noe,82,59,NUM
parts,81,66,NOUN
liberty,81,69,NOUN
meeting,81,68,NOUN
question,81,66,NOUN
seem,81,76,VERB
kindness,81,77,NOUN
large,81,70,ADJ
tells,81,76,VERB
doctor,81,67,NOUN
command,80,64,VERB
met,80,72,VERB
park,80,64,NOUN
possibly,80,74,ADV
hence,80,68,ADV
hour,80,72,NOUN
holland,79,56,PROPN
sensible,79,69,ADJ
attention,79,71,NOUN
common,79,74,ADJ
laid,79,71,VERB
remain,79,74,VERB
fair,78,70,ADJ
bless,78,78,VERB
kendal,78,69,PROPN
justice,78,69,NOUN
coud,78,47,ADJ
civil,78,64,ADJ
nature,78,73,NOUN
months,78,70,NOUN
real,78,70,ADJ
agreable,78,72,ADJ
woman,78,60,NOUN
france,77,60,PROPN
during,77,72,ADP
stand,77,68,VERB
understand,77,67,VERB
publick,77,66,VERB
express,77,70,VERB
follow,77,69,VERB
circumstances,77,65,NOUN
r,77,75,NOUN
try,77,69,VERB
etc,77,47,X
plan,76,63,NOUN
sea,76,61,NOUN
election,76,60,NOUN
goodness,76,69,NOUN
latter,76,70,ADJ
square,76,68,PROPN
tom,76,60,VERB
sending,75,69,VERB
wonder,75,67,VERB
gentlemen,75,64,NOUN
goodwood,75,61,NOUN
married,75,59,VERB
impossible,75,69,ADJ
parliament,75,58,NOUN
arrived,74,69,VERB
15,74,71,NUM
o'brien,74,50,PROPN
d,74,65,PROPN
spring,74,66,NOUN
fully,74,66,ADV
abroad,74,63,ADV
different,74,69,ADJ
sometimes,74,54,ADV
age,74,66,NOUN
request,73,62,NOUN
clear,73,64,ADJ
number,73,62,NOUN
pass,73,67,VERB
n.,73,51,PROPN
easy,73,68,ADJ
scarce,73,65,PRON
servants,73,61,NOUN
within,73,65,ADP
madam,73,48,PROPN
dead,73,65,ADJ
sense,73,60,NOUN
usual,72,62,ADJ
saying,72,62,VERB
dare,72,70,NOUN
pitt,72,42,NOUN
afraid,72,66,ADJ
tomorrow,72,59,NOUN
law,72,66,NOUN
knowing,71,67,VERB
principal,71,56,ADJ
carry,71,66,VERB
allow,71,67,VERB
gott,71,50,VERB
louisa,71,36,PROPN
contrary,71,66,NOUN
roger,71,50,PROPN
pleas'd,70,50,NOUN
herself,70,54,PRON
whilst,70,62,SCONJ
conversation,70,64,NOUN
fire,70,53,NOUN
honest,70,63,ADJ
'em,69,45,PRON
thro,69,51,NOUN
reasons,69,64,NOUN
likely,69,63,ADJ
tutor,69,52,NOUN
carried,69,63,VERB
h.,68,53,PROPN
change,68,58,VERB
fault,68,56,NOUN
favor,68,57,NOUN
desires,68,63,VERB
nobody,68,64,PRON
intend,68,66,VERB
napier,68,28,NOUN
inclosed,68,63,VERB
wednesday,67,60,PROPN
sett,67,53,VERB
8,67,63,NUM
thomas,67,54,PROPN
cambridge,67,48,PROPN
light,67,58,NOUN
putt,67,46,ADJ
university,67,51,PROPN
four,66,57,NUM
report,66,56,NOUN
per,66,46,ADP
save,66,59,VERB
play,66,52,NOUN
joy,66,61,NOUN
persons,66,63,NOUN
probably,66,60,ADV
fortune,66,59,NOUN
eyes,66,54,NOUN
credit,65,58,VERB
mony,65,42,NOUN
friendship,65,53,NOUN
wood,65,44,NOUN
danger,65,58,NOUN
coll,64,42,PROPN
sept,64,61,PROPN
neighbour,64,41,NOUN
'd,64,35,AUX
imagine,64,59,VERB
boy,64,51,NOUN
sum,63,50,NOUN
face,63,49,NOUN
`,63,43,PUNCT
county,63,47,NOUN
concern,63,54,NOUN
1,63,49,NUM
darwin,63,41,PROPN
mason,63,51,PROPN
accept,63,55,VERB
illness,63,55,NOUN
pardon,63,60,PROPN
acquaintance,63,56,NOUN
sincere,62,56,ADJ
pleasant,62,53,ADJ
commons,62,52,PROPN
hold,62,58,NOUN
paris,62,43,PROPN
society,62,55,NOUN
living,62,52,NOUN
giving,62,60,VERB
vastly,62,45,ADV
hundred,62,51,NUM
assured,62,57,VERB
friday,62,53,PROPN
become,62,56,VERB
chancellor,62,45,PROPN
esteem,62,54,NOUN
vaudois,62,36,NOUN
utmost,62,55,ADJ
j.,61,51,PROPN
h,61,52,PROPN
30,61,51,NUM
sends,61,54,VERB
perfect,61,55,ADJ
reading,61,57,NOUN
thinking,60,55,VERB
government,60,46,NOUN
five,60,54,NUM
1st,60,55,ADJ
extreamly,60,46,ADV
generally,60,54,ADV
yrs,60,55,PROPN
william,60,52,PROPN
servt,60,58,PROPN
approve,60,57,VERB
sell,59,49,VERB
natural,59,52,ADJ
jan,59,56,PROPN
troops,59,39,NOUN
dinner,59,52,NOUN
august,59,56,PROPN
blessing,59,59,NOUN
likewise,59,52,ADV
piece,59,52,NOUN
white,59,41,ADJ
sake,59,51,NOUN
fall,59,54,VERB
daily,58,54,ADJ
succeed,58,56,VERB
printed,58,43,VERB
commands,58,50,NOUN
depend,58,54,VERB
hearing,58,58,VERB
shortly,58,52,ADV
york,58,49,PROPN
proceed,57,51,VERB
fortnight,57,51,NOUN
coach,57,44,NOUN
returned,57,52,VERB
approbation,57,51,NOUN
ladies,57,49,NOUN
w.,57,47,PROPN
concern'd,57,52,PROPN
directed,57,50,VERB
public,57,49,ADJ
forget,57,53,VERB
taste,57,41,NOUN
hurt,57,48,VERB
join,57,53,VERB
ground,57,52,NOUN
open,56,49,VERB
r.,56,52,PROPN
call'd,56,51,NOUN
regiment,56,38,NOUN
free,56,53,ADJ
instant,56,55,NOUN
wedgwood,56,44,PROPN
thence,56,48,NOUN
forgot,56,53,VERB
bearer,56,48,NOUN
affect,56,56,VERB
sold,56,47,VERB
terms,56,44,NOUN
private,56,49,ADJ
spirit,56,45,NOUN
directions,56,47,NOUN
office,56,42,NOUN
nov,55,54,PROPN
sentiments,55,48,NOUN
p.s,55,55,PROPN
14,55,51,NUM
venture,55,49,VERB
officers,55,43,NOUN
l,55,53,PROPN
oxon~,55,45,PROPN
sweet,55,45,ADJ
warm,55,52,ADJ
sons,55,43,NOUN
etruria,55,47,PROPN
horses,55,46,NOUN
hee,55,20,PROPN
wrong,55,45,VERB
study,55,46,NOUN
desirous,55,47,ADJ
looks,55,50,VERB
girl,54,39,NOUN
history,54,42,NOUN
settle,54,53,VERB
fox,54,37,PROPN
address,54,32,NOUN
continues,54,51,VERB
reasonable,54,49,ADJ
troubled,54,49,VERB
return'd,54,49,PROPN
plain,54,49,ADJ
price,54,47,NOUN
measure,54,48,NOUN
propose,53,49,VERB
consent,53,49,NOUN
twice,53,47,ADV
marriage,53,37,NOUN
mentioned,53,48,VERB
fellow,53,49,NOUN
author,53,43,NOUN
faithfull,53,52,ADJ
excellent,53,50,ADJ
spouse,53,43,NOUN
january,53,53,PROPN
dutiful,53,53,ADJ
norwich,53,39,NOUN
ordered,53,47,VERB
agreed,52,47,VERB
promised,52,51,VERB
therein,52,43,ADP
afterwards,52,48,ADV
offer,52,49,VERB
agreeable,52,45,ADJ
foot,52,46,NOUN
secretary,52,44,NOUN
exact,52,45,ADJ
cosin,52,37,NOUN
houses,52,44,NOUN
land,52,49,NOUN
guess,51,43,VERB
lives,51,45,VERB
anybody,51,42,PRON
stone,51,36,NOUN
obliging,51,47,VERB
lichfield,51,39,PROPN
beginning,51,47,NOUN
fleet,51,34,NOUN
queens,51,46,NOUN
grow,51,46,VERB
ones,51,47,NOUN
especially,51,47,ADV
resolution,51,49,NOUN
attended,51,47,VERB
faithful,51,51,ADJ
francis,51,45,PROPN
misfortune,50,46,NOUN
arms,50,36,NOUN
soul,50,44,NOUN
duchess,50,28,NOUN
mistake,50,45,VERB
arrival,50,44,NOUN
content,50,45,VERB
humour,50,45,NOUN
takes,50,47,VERB
haue,50,25,PROPN
ourselves,50,44,PRON
2d,50,49,NOUN
drawn,50,47,VERB
exactly,50,45,ADV
merit,50,43,NOUN
pelham,50,40,PROPN
hurd,50,50,PROPN
following,49,45,VERB
road,49,40,NOUN
9,49,45,NUM
suffer,49,48,VERB
princess,49,28,NOUN
object,49,42,NOUN
convinced,49,42,VERB
behaviour,49,42,NOUN
severall,49,42,NOUN
value,49,44,NOUN
morrow,49,45,NOUN
oblig'd,49,41,VERB
whenever,49,46,SCONJ
b.,49,34,PROPN
condition,49,46,NOUN
quarter,49,47,NOUN
angry,49,47,ADJ
11,49,46,NUM
geo,49,37,PROPN
force,48,41,NOUN
absence,48,45,NOUN
particulars,48,45,NOUN
observe,48,46,VERB
difficult,48,42,ADJ
oblige,48,45,VERB
wine,48,34,NOUN
l.,48,37,PROPN
round,48,46,VERB
february,48,48,PROPN
resolved,48,45,VERB
returning,48,46,VERB
consequently,48,46,ADV
durham,48,41,PROPN
e,48,45,PROPN
expence,48,41,NOUN
added,48,46,VERB
mention'd,48,42,PROPN
itself,48,43,PRON
bp,47,31,PROPN
16,47,46,NUM
presume,47,46,VERB
secret,47,44,ADJ
18,47,40,NUM
exceedingly,47,43,ADV
pains,47,45,NOUN
assistance,47,44,NOUN
com,47,37,VERB
confess,47,45,VERB
buy,47,42,VERB
forgive,47,41,VERB
recommend,47,46,VERB
forced,47,45,VERB
instead,47,45,ADV
city,47,36,NOUN
captain,46,36,NOUN
formerly,46,43,ADV
today,46,37,NOUN
share,46,46,NOUN
note,46,39,NOUN
school,46,37,NOUN
selfe,46,41,ADJ
form,46,40,NOUN
chief,46,43,ADJ
farther,46,41,ADV
quiet,46,42,ADJ
gracious,46,36,ADJ
chance,46,42,NOUN
low,46,43,PROPN
considerable,46,41,ADJ
forward,46,43,ADV
troublesome,46,44,ADJ
drawing,46,41,NOUN
ministry,46,36,NOUN
feb,46,45,PROPN
perceive,46,44,VERB
miles,46,42,NOUN
norfolk,46,35,PROPN
major,45,26,ADJ
cost,45,40,NOUN
loveing,45,45,ADJ
double,45,37,DET
sight,45,44,NOUN
vote,45,34,NOUN
avoid,45,42,VERB
asked,45,39,VERB
begun,45,42,VERB
ships,45,38,NOUN
wales,45,27,NOUN
happen,45,42,VERB
petition,45,32,NOUN
granted,45,43,VERB
prevented,45,43,VERB
beyond,45,42,ADP
extremely,45,42,ADV
inform,45,38,VERB
banks,45,38,NOUN
oct,45,45,PROPN
castle,45,35,PROPN
knowledge,45,37,NOUN
distance,44,42,NOUN
boulton,44,19,PROPN
felt,44,41,VERB
intention,44,39,NOUN
event,44,41,NOUN
services,44,43,NOUN
along,44,42,ADV
passed,44,37,VERB
appearance,44,37,NOUN
complaint,44,39,NOUN
blame,44,39,NOUN
affraid,44,41,ADJ
although,44,40,SCONJ
gray,44,32,ADJ
17,44,44,NUM
capable,44,43,ADJ
fellows,44,31,NOUN
scheme,44,40,NOUN
harry,44,35,PROPN
mill,44,37,NOUN
wil,44,17,PROPN
hours,44,40,NOUN
lines,44,38,NOUN
worst,44,40,ADJ
press,44,44,NOUN
aunt,44,36,NOUN
charming,44,37,ADJ
convenient,44,42,ADJ
minister,44,37,NOUN
derby,43,33,NOUN
loose,43,36,ADJ
spent,43,39,VERB
neglect,43,41,VERB
page,43,30,NOUN
edward,43,30,NOUN
robert,43,28,PROPN
rome,43,18,VERB
scotland,43,33,NOUN
chuse,43,42,VERB
noble,43,38,ADJ
appears,43,38,VERB
colonel,43,31,NOUN
flatter,43,42,VERB
19,43,40,NUM
pain,43,37,NOUN
officer,43,37,NOUN
fell,42,35,VERB
method,42,36,NOUN
relations,42,37,NOUN
sick,42,38,ADJ
supply,42,41,VERB
grown,42,35,VERB
determined,42,38,ADJ
preferment,42,35,NOUN
loves,42,40,VERB
hen,42,40,NOUN
telling,42,41,VERB
thereof,42,36,ADV
december,42,39,PROPN
view,42,41,NOUN
comfortable,42,36,ADJ
door,42,35,NOUN
writes,42,40,VERB
satisfied,42,41,ADJ
commission,42,29,NOUN
figure,42,33,NOUN
cut,42,39,ADJ
learn,42,38,VERB
expectation,42,39,NOUN
black,42,30,ADJ
25,42,40,NUM
talked,42,37,VERB
eye,42,34,NOUN
chamber,41,33,PROPN
fail,41,40,VERB
died,41,36,VERB
aug,41,40,PROPN
29,41,40,NUM
heads,41,31,NOUN
secure,41,39,ADJ
october,41,38,PROPN
cowper,41,29,PROPN
garden,41,37,NOUN
keeping,41,37,VERB
debts,41,29,NOUN
absolutely,41,41,ADV
america,41,31,PROPN
highly,41,37,ADV
sufficient,41,38,ADJ
yett,40,33,PROPN
strength,40,39,NOUN
13,40,38,NUM
quantity,40,24,NOUN
finished,40,37,VERB
inclination,40,36,NOUN
surprised,40,34,ADJ
difficulty,40,37,NOUN
waugh,40,22,PROPN
dec,40,38,PROPN
sincerity,40,38,NOUN
wentworth,40,26,PROPN
wants,40,38,VERB
ease,40,36,NOUN
beeing,40,22,VERB
seven,40,39,NUM
exercise,40,33,NOUN
neighbours,40,36,NOUN
lead,40,30,VERB
constantly,40,38,ADV
holles,40,39,NOUN
early,40,39,ADJ
italy,40,37,PROPN
permit,40,33,VERB
learning,40,38,NOUN
getting,40,40,VERB
ship,40,31,NOUN
compts,40,37,VERB
fond,40,38,ADJ
provost,40,36,NOUN
impatient,40,40,ADJ
fever,40,34,NOUN
betwixt,40,34,VERB
4th,40,37,PROPN
looked,40,33,VERB
wd,39,26,PRON
bought,39,33,VERB
lose,39,35,VERB
admiral,39,26,NOUN
earl,39,33,PROPN
wishing,39,37,VERB
informed,39,34,VERB
considering,39,38,VERB
ilchester,39,24,NOUN
step,39,34,NOUN
pleasing,39,35,VERB
greatly,39,36,ADV
seem'd,39,33,VERB
suit,39,36,NOUN
hitherto,39,35,NOUN
chichester,39,28,NOUN
studies,39,34,NOUN
example,39,36,NOUN
intelligence,39,37,NOUN
snow,39,26,NOUN
ball,39,33,NOUN
constant,39,37,ADJ
stop,39,37,VERB
application,39,34,NOUN
single,39,32,ADJ
necessity,39,34,NOUN
suspect,39,38,VERB
dss,39,21,NOUN
desiring,39,37,VERB
complaints,39,35,NOUN
kindly,38,36,ADV
surely,38,35,ADV
dutifull,38,38,ADJ
directly,38,36,ADV
action,38,32,NOUN
sober,38,35,ADJ
difference,38,35,NOUN
lincoln,38,32,PROPN
girls,38,32,NOUN
spend,38,37,VERB
bookes,38,33,NOUN
wished,38,36,VERB
answered,38,36,VERB
owing,38,34,VERB
n,38,30,PROPN
draw,38,31,VERB
leaving,38,35,VERB
creature,38,35,NOUN
broke,38,36,VERB
le,38,32,PROPN
pity,38,29,NOUN
suffolk,38,32,NOUN
ruin,38,31,NOUN
yor,38,11,NOUN
monsieur,38,18,X
fitt,38,36,NOUN
melancholy,38,33,ADJ
accordingly,38,37,ADV
nephew,38,33,NOUN
story,38,33,NOUN
viz,38,35,PROPN
strange,38,31,ADJ
gout,38,28,NOUN
lived,37,33,VERB
dutchess,37,25,NOUN
support,37,36,VERB
26,37,36,NUM
equal,37,35,ADJ
wt,37,27,PROPN
relation,37,34,NOUN
burnyates,37,24,NOUN
confidence,37,31,NOUN
blood,37,28,NOUN
expences,37,26,NOUN
vanity,37,30,NOUN
proof,37,36,NOUN
mee,37,20,PROPN
concerned,37,36,VERB
order'd,37,33,NOUN
ministers,37,33,NOUN
wharton,37,26,PROPN
favours,37,34,NOUN
guineas,37,33,NOUN
wanting,37,36,VERB
beauty,37,26,NOUN
notwithstanding,37,37,ADP
neighbourhood,37,33,NOUN
rich,37,34,PROPN
appointed,37,37,VERB
drink,37,34,NOUN
show,37,34,NOUN
ideas,37,33,NOUN
cure,37,34,VERB
inn,37,32,PROPN
faults,36,30,NOUN
assist,36,32,VERB
mayor,36,24,PROPN
nation,36,29,NOUN
uneasiness,36,32,NOUN
attempt,36,33,VERB
hill,36,30,NOUN
consult,36,33,VERB
jo,36,29,PROPN
enjoy,36,35,VERB
cosen,36,27,NOUN
recollect,36,34,VERB
27,36,34,NUM
windsor,36,34,NOUN
wherein,36,33,SCONJ
24,36,35,NUM
east,36,31,PROPN
grant,36,35,VERB
choice,36,33,NOUN
supose,36,24,VERB
21,36,34,NUM
w,36,24,PROPN
procure,36,33,VERB
scene,36,32,NOUN
accident,35,33,NOUN
deserve,35,34,VERB
season,35,33,NOUN
extraordinary,35,32,ADJ
finish,35,34,VERB
speech,35,22,NOUN
remains,35,35,VERB
sit,35,30,VERB
september,35,34,PROPN
blomefield,35,34,NOUN
enter,35,35,VERB
nay,35,33,INTJ
volume,35,27,NOUN
shewn,35,32,VERB
rejoyce,35,28,VERB
laugh,35,31,VERB
recd,35,30,VERB
remove,35,35,VERB
presented,35,30,VERB
profession,35,25,NOUN
calls,35,33,VERB
submit,35,30,VERB
graces,35,30,NOUN
recovery,35,32,NOUN
weak,35,34,ADJ
debt,35,30,NOUN
mamma,35,13,NOUN
6th,34,31,PROPN
correspondence,34,33,NOUN
twenty,34,33,NUM
obey,34,28,VERB
published,34,28,VERB
everybody,34,30,PRON
handsome,34,30,ADJ
alteration,34,31,NOUN
oxon,34,32,PROPN
famous,34,29,ADJ
amusement,34,31,NOUN
original,34,30,ADJ
keeps,34,32,VERB
seemed,34,29,VERB
brown,34,29,ADJ
wanted,34,32,VERB
green,34,32,ADJ
farr,34,33,PROPN
compliment,34,33,NOUN
november,34,34,PROPN
refuse,34,32,VERB
staffordshire,34,30,NOUN
occasions,34,34,VERB
likes,34,30,VERB
birmingham,34,27,PROPN
9th,34,32,ADJ
fate,34,33,NOUN
gratitude,34,32,NOUN
vice,34,29,NOUN
reverend,34,25,NOUN
kings,34,30,NOUN
annum,33,23,NOUN
sleep,33,28,NOUN
walk,33,24,NOUN
authority,33,29,NOUN
enclosed,33,28,VERB
vain,33,29,ADJ
prospect,33,30,NOUN
earnest,33,31,ADJ
length,33,33,NOUN
mary,33,28,PROPN
council,33,23,NOUN
disposition,33,29,NOUN
began,33,28,VERB
delay,33,30,NOUN
foundation,33,30,NOUN
dutch,33,28,ADJ
won,33,23,VERB
women,33,28,NOUN
bound,33,32,VERB
employment,33,30,NOUN
wm,33,24,PROPN
guards,33,22,NOUN
experience,33,32,NOUN
apply,33,30,VERB
meant,33,32,VERB
intends,33,33,VERB
cecilia,33,21,NOUN
majority,33,30,NOUN
shod,33,19,VERB
acknowledge,33,32,VERB
box,33,28,PROPN
print,33,30,NOUN
sad,33,33,ADJ
complain,33,31,VERB
engaged,33,33,VERB
wise,33,30,ADJ
justly,33,31,ADV
o'clock,33,29,NOUN
littleton,33,19,PROPN
close,33,33,ADJ
dangerous,33,30,ADJ
28,33,33,NUM
lies,32,27,VERB
pen,32,30,PROPN
aside,32,32,ADP
naples,32,22,NOUN
boys,32,25,NOUN
ware,32,25,VERB
marry,32,24,VERB
studious,32,28,ADJ
camp,32,30,NOUN
macro,32,14,PROPN
purchase,32,24,NOUN
opposition,32,27,NOUN
list,32,29,NOUN
curious,32,29,ADJ
answer'd,32,31,INTJ
afternoon,32,29,NOUN
quarters,32,30,NOUN
bentley,32,21,PROPN
table,32,30,NOUN
leisure,32,31,NOUN
esqr,32,29,NOUN
convince,32,29,VERB
require,32,30,VERB
consideration,32,29,NOUN
recovered,32,28,VERB
22,32,32,NUM
mett,32,29,PROPN
ours,32,26,NOUN
messenger,32,29,NOUN
feet,32,26,NOUN
dayly,32,29,ADV
fast,32,30,ADJ
picture,32,23,NOUN
objection,32,30,NOUN
influence,32,28,NOUN
unhappy,31,29,ADJ
rose,31,30,VERB
irish,31,28,ADJ
consequences,31,29,NOUN
glass,31,20,NOUN
beautiful,31,28,ADJ
building,31,26,NOUN
chaplain,31,25,NOUN
brougham,31,21,PROPN
rank,31,26,NOUN
himselfe,31,24,NOUN
pieces,31,28,NOUN
plate,31,24,NOUN
temper,31,30,NOUN
bid,31,29,VERB
happen'd,31,29,PROPN
50,31,28,NUM
passage,31,28,NOUN
discourse,31,28,NOUN
5th,31,30,ADJ
subjects,31,30,NOUN
christmas,31,28,PROPN
spare,31,30,VERB
goods,31,22,NOUN
works,31,27,NOUN
dine,31,28,VERB
hearty,31,29,ADJ
uncle,31,27,NOUN
t,31,29,NOUN
readily,31,30,ADV
fryday,31,25,PROPN
s,31,23,VERB
rent,31,21,NOUN
23,31,30,NUM
peter,31,21,PROPN
pocket,30,29,NOUN
degrees,30,28,NOUN
ev'ry,30,15,PROPN
talks,30,29,NOUN
leaves,30,27,VERB
serious,30,28,ADJ
oh,30,25,INTJ
member,30,25,NOUN
hot,30,27,ADJ
wod,30,16,VERB
memory,30,28,NOUN
trade,30,26,NOUN
papa,30,17,NOUN
continued,30,28,VERB
uncertain,30,30,ADJ
proposed,30,29,VERB
ere,30,29,PROPN
declared,30,27,VERB
steward,30,24,PROPN
acted,30,30,VERB
looking,30,28,VERB
third,30,29,VERB
burnt,30,24,VERB
40,30,29,NUM
8th,30,30,NOUN
20th,30,30,ADJ
ride,30,24,VERB
dined,30,29,VERB
determine,30,29,VERB
date,30,28,NOUN
board,30,26,NOUN
provide,30,27,VERB
until,30,25,ADP
burnyeat,30,23,NOUN
income,30,21,NOUN
false,30,30,ADJ
hampton,30,24,PROPN
pass'd,30,26,PUNCT
prejudice,30,25,NOUN
turned,30,28,VERB
certanly,30,16,ADV
hoped,30,30,VERB
friendly,30,26,ADJ
description,30,26,NOUN
religion,29,22,NOUN
betty,29,23,PROPN
acct,29,21,NOUN
principles,29,27,NOUN
provided,29,27,VERB
pope,29,22,PROPN
la,29,25,PROPN
battle,29,26,NOUN
seat,29,25,NOUN
dean,29,26,NOUN
seing,29,23,NOUN
merely,29,29,ADV
safely,29,29,ADV
obtain,29,26,VERB
benefit,29,26,NOUN
affectionately,29,28,ADV
munday,29,29,PROPN
shd,29,21,VERB
attack,29,28,NOUN
attachment,29,22,NOUN
hereafter,29,26,NOUN
violent,29,28,ADJ
hint,29,28,NOUN
30th,29,28,ADJ
hurry,29,29,NOUN
persuade,29,24,VERB
sometime,29,25,ADV
whig,29,24,NOUN
verses,29,23,NOUN
endeavours,29,27,NOUN
intentions,29,29,NOUN
curiosity,29,27,NOUN
ingenious,29,24,ADJ
sale,29,21,NOUN
sermon,29,29,NOUN
points,29,26,NOUN
understood,29,29,VERB
daughters,29,24,NOUN
butler,29,26,NOUN
liked,29,25,VERB
begg,29,21,VERB
rooms,29,26,NOUN
persuaded,29,28,VERB
title,29,27,NOUN
grand,28,26,ADJ
forth,28,26,ADP
lye,28,24,VERB
sees,28,26,VERB
promises,28,28,VERB
dress,28,23,VERB
security,28,26,NOUN
admire,28,25,VERB
g,28,26,NOUN
g.,28,18,PROPN
turn'd,28,27,PROPN
constitution,28,24,NOUN
equally,28,27,ADV
hatton,28,24,PROPN
distress,28,25,NOUN
humbly,28,25,ADV
excessively,28,23,ADV
promis'd,28,26,NOUN
carrier,28,23,NOUN
thrown,28,27,VERB
seldom,28,28,ADV
discharge,28,25,VERB
language,28,26,NOUN
royal,28,25,NOUN
attorney,28,21,NOUN
alive,28,26,ADJ
odd,28,26,ADJ
anxious,28,28,ADJ
art,28,22,NOUN
employed,28,25,VERB
declare,28,27,VERB
12th,28,28,ADJ
progress,28,26,NOUN
watt,28,14,PROPN
altogether,28,28,ADV
m.,28,23,PROPN
johnson,28,20,PROPN
material,28,27,NOUN
sign,28,25,NOUN
paying,28,28,VERB
receipt,28,26,NOUN
eldest,28,25,ADJ
debate,28,19,NOUN
bills,28,27,NOUN
dated,28,26,VERB
furnish,28,28,VERB
applied,28,25,VERB
stood,28,28,VERB
idle,28,26,ADJ
bristol,28,26,PROPN
treasurer,28,22,NOUN
west,28,23,ADJ
liddell,28,18,PROPN
salute,28,27,VERB
mentioning,28,28,VERB
count,28,25,PROPN
afford,28,27,VERB
farm,28,15,PROPN
eat,28,26,VERB
totally,27,23,ADV
putting,27,25,VERB
prudence,27,27,NOUN
dislike,27,25,VERB
reach,27,26,VERB
stands,27,27,VERB
concluded,27,23,VERB
waiting,27,24,VERB
dixon,27,18,PROPN
mostyn,27,13,PROPN
nearly,27,26,ADV
harm,27,27,NOUN
events,27,25,NOUN
thoroughly,27,25,ADV
absent,27,27,ADJ
bringing,27,27,VERB
education,27,24,NOUN
silence,27,23,NOUN
characters,27,22,NOUN
masters,27,26,NOUN
fill,27,26,VERB
employ,27,27,NOUN
laws,27,18,NOUN
returns,27,27,VERB
affected,27,25,VERB
1712,27,27,NUM
whigs,27,22,NOUN
refused,27,25,VERB
votes,27,21,NOUN
lieutenant,27,23,NOUN
preserve,27,26,VERB
addition,27,26,NOUN
relating,27,22,VERB
albemarle,27,23,PROPN
throw,27,25,VERB
b,27,21,PROPN
treat,27,25,VERB
plainly,27,24,ADV
decr,27,27,NOUN
disposed,27,27,ADJ
uneasy,27,26,ADJ
undertake,27,27,VERB
weight,27,25,NOUN
chester,27,19,PROPN
learned,27,26,VERB
finding,26,26,VERB
comeing,26,23,VERB
setting,26,26,VERB
effects,26,24,NOUN
windows,26,18,NOUN
ended,26,26,VERB
thither,26,23,NOUN
grafton,26,21,PROPN
netty,26,11,NOUN
served,26,25,VERB
pretend,26,26,VERB
desir'd,26,25,NOUN
ode,26,13,PROPN
vast,26,24,ADJ
laying,26,23,VERB
attending,26,26,VERB
move,26,22,VERB
arise,26,26,VERB
answering,26,26,VERB
rejoice,26,26,VERB
reported,26,25,VERB
designe,26,21,VERB
7th,26,22,NOUN
miserable,26,24,ADJ
chancery,26,22,NOUN
immediate,26,25,ADJ
improved,26,23,VERB
article,26,21,NOUN
naturally,26,25,ADV
cast,26,25,VERB
freely,26,25,ADV
captn,26,18,VERB
enquire,26,26,VERB
proceedings,26,24,NOUN
somewhat,26,26,ADV
understanding,26,24,NOUN
careful,26,22,ADJ
burnyate,26,22,PROPN
disagreeable,26,23,ADJ
17th,26,24,NOUN
honble,26,25,ADJ
tired,26,23,ADJ
explain,26,25,VERB
sorts,26,24,NOUN
becomes,26,24,VERB
sudden,26,25,ADJ
us'd,26,21,PROPN
climate,26,20,NOUN
mad,26,25,ADJ
unfortunate,26,22,ADJ
wit,26,24,NOUN
16th,26,26,NOUN
crown,26,23,NOUN
wind,26,23,NOUN
ym,26,16,PROPN
10th,26,26,ADJ
deliver,26,25,VERB
instance,26,23,NOUN
indisposition,26,22,NOUN
designs,26,23,NOUN
fletcher,26,19,PROPN
jack,26,24,NOUN
esq,26,26,PROPN
expressed,26,26,VERB
elegant,26,25,ADJ
questions,25,25,NOUN
flanders,25,19,NOUN
frost,25,20,NOUN
ther,25,11,PROPN
removed,25,21,VERB
95,25,18,NUM
passion,25,23,NOUN
rydall,25,21,NOUN
decided,25,22,VERB
omitted,25,24,VERB
96,25,22,NUM
considered,25,24,VERB
perform,25,22,VERB
born,25,22,VERB
flowers,25,17,NOUN
18th,25,25,NOUN
behind,25,24,ADV
continuance,25,25,NOUN
disappointment,25,21,NOUN
fresh,25,24,ADJ
recover,25,24,VERB
chosen,25,22,VERB
200,25,24,NUM
fashion,25,24,NOUN
weary,25,24,ADJ
soldiers,25,18,NOUN
gold,25,20,NOUN
lewis,25,13,PROPN
score,25,22,NOUN
3d,25,22,NOUN
circumstance,25,24,NOUN
alter,25,22,VERB
admit,25,21,VERB
pictures,25,20,NOUN
choose,25,23,VERB
proposal,25,22,NOUN
disappointed,25,25,VERB
freedom,25,25,NOUN
motion,25,16,NOUN
thankes,25,23,NOUN
objections,25,19,NOUN
interesting,25,23,ADJ
arts,25,24,NOUN
military,25,19,ADJ
floor,25,16,NOUN
maid,25,21,PROPN
florence,25,19,NOUN
treaty,25,20,NOUN
capt,25,23,PROPN
produce,25,23,VERB
copies,25,24,NOUN
terrible,25,24,ADJ
ways,25,23,NOUN
harriet,25,13,NOUN
receiving,25,24,VERB
information,25,25,NOUN
mercy,25,22,NOUN
bedford,25,18,PROPN
busy,25,23,ADJ
11th,25,23,NUM
proud,25,24,ADJ
human,25,23,ADJ
coals,25,10,NOUN
sides,25,22,NOUN
properly,24,23,ADV
politics,24,20,NOUN
remainder,24,23,NOUN
parlour,24,11,NOUN
pamphlet,24,15,NOUN
stuff,24,24,NOUN
mistaken,24,24,ADJ
built,24,20,VERB
reputation,24,23,NOUN
raised,24,22,VERB
gardens,24,23,NOUN
congratulate,24,23,VERB
manage,24,23,VERB
delighted,24,24,ADJ
highest,24,21,ADJ
altho,24,20,PROPN
confident,24,24,ADJ
aske,24,15,NOUN
ears,24,24,NOUN
poetry,24,19,NOUN
middle,24,23,NOUN
noise,24,22,NOUN
preparing,24,24,VERB
determin'd,24,21,PROPN
concerns,24,24,NOUN
whereas,24,23,SCONJ
standing,24,20,VERB
appeared,24,23,VERB
carlisle,24,22,PROPN
14th,24,24,ADJ
dirty,24,21,ADJ
mighty,24,22,ADJ
glorious,24,22,ADJ
anxiety,24,22,NOUN
fallen,24,23,VERB
28th,24,24,NOUN
kingdom,24,20,NOUN
permission,24,20,NOUN
observed,24,23,VERB
camb,24,23,PROPN
members,24,21,NOUN
regt,24,20,NOUN
supposed,24,24,VERB
stomach,24,21,NOUN
tryal,24,21,ADJ
entertaining,24,23,VERB
quit,24,23,VERB
deep,24,23,ADJ
hanover,24,21,PROPN
politicks,24,23,NOUN
pound,24,22,NOUN
begins,24,23,VERB
advised,24,23,VERB
names,24,23,NOUN
speaking,24,24,VERB
agoe,23,20,ADJ
foolish,23,22,ADJ
repeated,23,22,VERB
prints,23,21,NOUN
fix,23,22,VERB
principle,23,20,NOUN
recommended,23,23,VERB
doth,23,20,NOUN
dispute,23,21,NOUN
sun,23,19,NOUN
ladys,23,17,PROPN
orderd,23,18,VERB
fixed,23,20,VERB
proved,23,23,VERB
river,23,17,NOUN
15th,23,22,ADJ
firm,23,22,NOUN
blue,23,13,ADJ
happens,23,23,VERB
bottom,23,21,NOUN
notion,23,22,NOUN
doors,23,23,NOUN
deed,23,16,NOUN
break,23,21,VERB
regret,23,23,VERB
yard,23,19,NOUN
patience,23,23,NOUN
feelings,23,21,NOUN
cheap,23,21,ADJ
non,23,19,ADJ
25th,23,22,NOUN
entertain,23,21,VERB
obligation,23,19,NOUN
silver,23,14,NOUN
deserves,23,22,VERB
aston,23,22,PROPN
dispose,23,21,VERB
orange,23,16,PROPN
relates,23,21,VERB
arch,23,22,NOUN
regiments,23,16,NOUN
edition,23,19,NOUN
leinster,23,18,NOUN
behave,23,22,VERB
gown,23,20,NOUN
burslem,23,18,NOUN
mss,23,16,NOUN
merry,23,23,VERB
devonshire,23,20,NOUN
100,23,21,NUM
clock,23,19,NOUN
sussex,23,17,NOUN
cruel,23,19,ADJ
repeat,23,21,VERB
buildings,23,10,NOUN
seal,23,19,PROPN
expectations,23,23,NOUN
printing,23,19,NOUN
protection,23,20,NOUN
scarcely,23,22,ADV
arguments,23,20,NOUN
joins,23,22,VERB
higher,23,23,ADJ
useful,23,23,ADJ
trees,23,18,NOUN
strongly,23,22,ADV
talking,23,23,VERB
modern,23,18,ADJ
measures,23,22,NOUN
mob,23,20,NOUN
milton,23,15,PROPN
expressions,23,20,NOUN
cam,23,15,VERB
lie,23,22,NOUN
happened,23,22,VERB
contents,23,19,NOUN
brings,22,22,VERB
execution,22,18,NOUN
expense,22,19,NOUN
lands,22,14,NOUN
meets,22,21,VERB
tour,22,20,NOUN
earnestly,22,21,ADV
stile,22,17,NOUN
runs,22,21,NOUN
coffee,22,19,NOUN
streatham,22,17,PROPN
he'l,22,21,PROPN
folly,22,20,ADV
confined,22,22,VERB
claremont,22,22,PROPN
loving,22,21,VERB
obedience,22,20,NOUN
nine,22,21,NUM
mouth,22,19,NOUN
running,22,21,VERB
colman,22,9,NOUN
ask'd,22,20,VERB
propriety,22,21,NOUN
acquainting,22,20,VERB
increase,22,22,VERB
changed,22,20,VERB
fersfield,22,16,NOUN
parson,22,19,NOUN
hay,22,17,NOUN
articles,22,19,NOUN
divinity,22,18,NOUN
germany,22,16,PROPN
smith,22,20,PROPN
lungs,22,17,NOUN
waited,22,20,VERB
collection,22,21,NOUN
proves,22,21,VERB
michael,22,20,PROPN
dos,22,20,VERB
stage,22,19,NOUN
treated,22,21,VERB
conceive,22,21,VERB
speaks,22,20,VERB
onely,22,15,ADV
apt,22,20,ADJ
earth,22,21,NOUN
favourable,22,22,ADJ
chose,22,19,VERB
mankind,22,20,NOUN
300,22,19,NUM
ugly,22,19,ADJ
judgement,22,21,NOUN
notes,22,13,NOUN
sayd,22,17,NOUN
mark,22,21,NOUN
takeing,22,21,NOUN
freinds,22,19,NOUN
temple,22,16,PROPN
guilty,22,17,ADJ
severe,22,21,ADJ
acceptable,22,21,ADJ
jest,22,19,PROPN
offices,22,14,NOUN
allways,22,18,NOUN
mere,22,21,ADJ
dan,22,18,PROPN
tory,22,16,NOUN
enemy,22,20,NOUN
favourite,22,22,ADJ
departure,22,22,NOUN
shews,22,21,NOUN
countrey,22,16,NOUN
stock,22,21,NOUN
tender,22,18,VERB
expression,22,21,NOUN
style,22,19,NOUN
gain,22,20,NOUN
hate,22,22,VERB
norton,22,14,PROPN
reflection,21,21,NOUN
wall,21,15,PROPN
pleases,21,19,VERB
vacant,21,19,ADJ
1765,21,21,NUM
gower,21,20,PROPN
designed,21,21,VERB
engage,21,21,VERB
prudent,21,20,ADJ
division,21,17,NOUN
dog,21,15,NOUN
sorrow,21,20,NOUN
dublin,21,18,PROPN
drinking,21,18,NOUN
load,21,19,NOUN
resolv'd,21,21,VERB
offer'd,21,20,VERB
augt,21,20,VERB
europe,21,16,PROPN
project,21,19,NOUN
thy,21,11,PRON
wilson,21,11,PROPN
genl,21,16,PROPN
thirty,21,20,NUM
papists,21,16,NOUN
painted,21,14,VERB
zeal,21,19,NOUN
feeling,21,19,NOUN
19th,21,21,PROPN
wel,21,15,PROPN
fears,21,19,NOUN
chair,21,18,NOUN
calling,21,21,VERB
puts,21,20,VERB
active,21,21,ADJ
shal,21,11,PROPN
sat,21,18,VERB
employ'd,21,20,VERB
lysons,21,10,PROPN
presence,21,19,NOUN
weymouth,21,19,PROPN
direction,21,21,NOUN
1733,21,21,NUM
shewing,21,21,VERB
moneth,21,18,PROPN
excuses,21,20,NOUN
supper,21,17,NOUN
freind,21,18,NOUN
invited,21,18,VERB
downe,21,11,NOUN
2nd,21,21,NOUN
monsr,21,19,ADJ
possession,21,16,NOUN
febr,21,21,NOUN
parties,21,19,NOUN
match,21,19,NOUN
parted,21,20,VERB
asking,21,21,NOUN
gate,21,17,PROPN
difficulties,21,20,NOUN
mode,21,17,NOUN
staying,21,21,VERB
southampton,21,18,PROPN
howe,21,14,NOUN
chancellour,21,16,PROPN
inclined,21,21,ADJ
twelve,21,21,NUM
deny,21,20,VERB
dying,21,21,VERB
todd,21,19,ADJ
actually,21,17,ADV
spain,21,17,PROPN
finest,21,20,ADJ
liveing,21,16,NOUN
moderate,21,20,ADJ
guard,21,19,VERB
reckon,21,19,VERB
fairly,21,21,ADV
believed,21,21,VERB
ignorant,21,20,ADJ
succeeded,21,21,VERB
col,21,11,PROPN
dyed,20,17,VERB
draught,20,18,NOUN
meaning,20,19,NOUN
lease,20,17,NOUN
important,20,19,ADJ
struck,20,18,VERB
fight,20,17,VERB
improvement,20,18,NOUN
abuse,20,19,NOUN
top,20,17,NOUN
browham,20,17,PROPN
south,20,19,ADJ
mama,20,14,NOUN
ann,20,19,PROPN
frequently,20,18,ADV
weakness,20,19,NOUN
heavy,20,20,ADJ
italian,20,16,ADJ
opera,20,17,NOUN
valuable,20,20,ADJ
waters,20,18,NOUN
trying,20,19,VERB
contented,20,20,VERB
fact,20,20,NOUN
haste,20,20,NOUN
stavordale,20,5,NOUN
assembly,20,16,NOUN
castletown,20,15,PROPN
elected,20,16,VERB
nearer,20,20,NOUN
spencer,20,15,PROPN
greek,20,17,ADJ
judgment,20,20,NOUN
yorkshire,20,19,NOUN
travelling,20,18,VERB
political,20,19,ADJ
cornwallis,20,12,PROPN
races,20,14,NOUN
youth,20,18,NOUN
correct,20,20,ADJ
bror,20,11,NOUN
open'd,20,19,VERB
24th,20,20,NOUN
alderman,20,15,PROPN
anne,20,18,PROPN
xmas,20,16,PROPN
field,20,18,NOUN
spanish,20,17,ADJ
loppe,20,9,PROPN
fool,20,19,NOUN
judges,20,19,NOUN
genius,20,18,NOUN
apprehend,20,20,VERB
escape,20,20,VERB
carriage,20,20,NOUN
coppy,20,14,NOUN
compleat,20,18,NOUN
kinsman,20,20,NOUN
ludford,20,6,NOUN
charlton,20,12,PROPN
reproach,20,17,VERB
red,20,18,ADJ
warmth,20,17,NOUN
expedition,20,19,NOUN
conscience,20,17,NOUN
sound,20,18,NOUN
wear,20,18,VERB
insist,20,18,VERB
entertainment,20,19,NOUN
welcome,20,20,ADJ
countenance,20,18,NOUN
vol,20,17,NOUN
praise,20,19,NOUN
walpole,20,18,PROPN
sole,20,18,ADJ
owne,20,20,ADJ
vase,20,5,NOUN
hoping,20,20,VERB
remarks,20,17,VERB
graciously,20,18,ADV
heat,20,17,NOUN
wase,20,7,VERB
lowther,20,18,PROPN
design'd,20,19,VERB
prayer,19,16,NOUN
godson,19,17,NOUN
hague,19,12,NOUN
david,19,19,PROPN
shame,19,16,NOUN
assuring,19,19,VERB
perfection,19,16,NOUN
civility,19,18,NOUN
vases,19,10,NOUN
gentle,19,18,ADJ
approved,19,19,VERB
coat,19,14,NOUN
publish,19,16,VERB
evry,19,13,NOUN
comforts,19,17,NOUN
unpleasant,19,18,ADJ
dissenters,19,15,NOUN
divine,19,18,ADJ
grounds,19,17,NOUN
providence,19,18,VERB
1714,19,19,NUM
writeing,19,16,VERB
hair,19,17,NOUN
figures,19,16,NOUN
improper,19,17,ADJ
acting,19,19,VERB
immediatly,19,17,ADV
26th,19,19,ADJ
stairs,19,16,NOUN
thos,19,18,PROPN
augustus,19,9,PROPN
hopeing,19,19,VERB
render,19,19,VERB
advanced,19,18,VERB
21st,19,19,ADJ
1710,19,19,NUM
tea,19,19,NOUN
keeper,19,15,NOUN
materials,19,17,NOUN
peice,19,17,NOUN
woods,19,14,NOUN
amiss,19,19,ADJ
begs,19,19,NOUN
o,19,18,NOUN
fitting,19,17,VERB
prefer,19,18,VERB
plates,19,13,NOUN
lordships,19,15,NOUN
defence,19,18,NOUN
flower,19,12,NOUN
welfare,19,19,NOUN
holy,19,17,ADJ
yourselfe,19,18,NOUN
window,19,15,NOUN
pupill,19,15,NOUN
professor,19,10,NOUN
loved,19,17,VERB
answers,19,18,VERB
zealous,19,19,ADJ
distant,19,19,ADJ
writer,19,17,NOUN
assur'd,19,17,NUM
cross,19,19,NOUN
disagreable,19,19,ADJ
tried,19,17,VERB
ear,19,15,PROPN
ale,19,18,NOUN
various,19,18,ADJ
additional,19,19,ADJ
birth,19,17,NOUN
parents,19,15,NOUN
thou,19,11,NOUN
luck,19,19,NOUN
minute,19,19,ADJ
surprise,19,18,NOUN
row,19,16,NOUN
knight,19,17,NOUN
shillings,19,13,NOUN
m,19,15,PROPN
tower,19,15,NOUN
deliver'd,19,18,PROPN
build,19,17,VERB
willingly,19,19,ADV
residence,19,18,NOUN
arbury,19,18,PROPN
ward,19,12,NOUN
look'd,19,17,VERB
library,19,17,NOUN
channel,19,19,NOUN
gentn,19,13,PROPN
reception,19,19,NOUN
reasonably,19,17,ADV
omit,19,18,VERB
timber,19,12,NOUN
tolerable,19,16,ADJ
opening,19,17,NOUN
t.,19,17,PROPN
dry,19,17,ADJ
militia,19,12,NOUN
waite,19,18,VERB
required,19,19,VERB
newdigate,19,15,NOUN
1000,19,16,NUM
donegall,19,7,PROPN
rise,19,16,VERB
appear'd,19,17,PROPN
regular,19,18,ADJ
neglected,19,18,VERB
sheet,19,15,NOUN
younger,19,18,ADJ
improve,18,18,VERB
comply,18,16,VERB
recover'd,18,17,ADJ
undoubtedly,18,17,ADV
mar,18,17,PROPN
presents,18,18,NOUN
philosophy,18,16,NOUN
octob,18,18,NOUN
moved,18,15,VERB
behaved,18,17,VERB
finds,18,17,VERB
motive,18,14,NOUN
mount,18,16,VERB
infinitely,18,18,ADV
enter'd,18,16,PROPN
disorder,18,17,NOUN
returne,18,16,NOUN
conclusion,18,17,NOUN
foreign,18,16,ADJ
raise,18,16,VERB
harrison,18,14,PROPN
mend,18,18,VERB
scotch,18,14,NOUN
92,18,14,NUM
growing,18,18,VERB
cabinet,18,12,NOUN
venice,18,14,PROPN
revesby,18,15,NOUN
folks,18,15,NOUN
indifferent,18,17,ADJ
escaped,18,16,VERB
councill,18,13,NOUN
remarkable,18,16,ADJ
walmisley,18,8,PROPN
committee,18,13,NOUN
cough,18,15,NOUN
pretender,18,11,NOUN
term,18,16,NOUN
gon,18,15,VERB
exceeding,18,18,VERB
1711,18,18,NUM
5s,18,17,PROPN
lewes,18,11,NOUN
fatigue,18,16,NOUN
conway,18,14,PROPN
curate,18,17,NOUN
commend,18,17,VERB
session,18,16,NOUN
observ'd,18,17,VERB
delivered,18,17,VERB
marlborough,18,17,PROPN
variety,18,18,NOUN
seriously,18,18,ADV
taxes,18,17,NOUN
agreement,18,15,NOUN
joyn,18,18,ADV
eight,18,18,NUM
powder,18,12,NOUN
shee,18,11,NOUN
describe,18,15,VERB
enable,18,16,VERB
virtue,18,17,NOUN
lodgings,18,10,NOUN
satisfy,18,18,VERB
corn,18,15,NOUN
sally,18,17,ADJ
jacky,18,13,NOUN
thrale,18,14,PROPN
roman,18,16,ADJ
subscription,18,10,NOUN
alas,18,16,INTJ
courage,18,17,NOUN
herein,18,16,NOUN
administration,18,16,NOUN
lying,18,16,VERB
ancient,18,18,ADJ
jealous,18,18,ADJ
permitted,18,17,VERB
consulted,18,18,VERB
m-,18,9,NOUN
et,18,18,NOUN
grief,18,16,NOUN
advance,18,18,VERB
seized,18,17,VERB
twill,18,17,NOUN
publickly,18,18,ADV
proposals,18,16,NOUN
payment,18,17,NOUN
breakfast,18,16,NOUN
entire,18,17,ADJ
instructions,18,18,NOUN
grave,18,17,ADJ
thereby,18,16,ADV
christ,18,17,PROPN
stoke,17,15,NOUN
forbid,17,17,VERB
represented,17,16,VERB
die,17,16,VERB
fields,17,17,NOUN
troubling,17,17,VERB
defend,17,17,VERB
spite,17,14,NOUN
steps,17,16,NOUN
quality,17,16,NOUN
separate,17,16,ADJ
potter,17,12,NOUN
yes,17,15,INTJ
faithfully,17,17,ADV
heare,17,14,NOUN
prayers,17,16,NOUN
island,17,17,NOUN
inconvenient,17,17,ADJ
truely,17,17,ADV
eugene,17,14,PROPN
serving,17,17,VERB
bishopstone,17,12,VERB
personally,17,15,ADV
midst,17,15,NOUN
partial,17,16,ADJ
usefull,17,15,ADJ
pleasures,17,17,NOUN
fitters,17,9,NOUN
writt,17,15,NOUN
murphy,17,13,PROPN
majendie,17,8,PROPN
staid,17,16,VERB
americans,17,13,PROPN
tax,17,13,VERB
gloucester,17,12,PROPN
k,17,15,PROPN
depends,17,16,VERB
indies,17,9,VERB
nights,17,17,NOUN
convey,17,15,VERB
alterations,17,17,NOUN
haddock,17,12,PROPN
rule,17,16,NOUN
generall,17,14,PROPN
denbigh,17,11,ADJ
expressing,17,17,VERB
invitation,17,15,NOUN
y.,17,5,PROPN
restore,17,16,VERB
sufficiently,17,17,ADV
probability,17,17,NOUN
obligations,17,16,NOUN
silent,17,17,ADJ
executed,17,16,VERB
forbear,17,17,VERB
6d,17,15,NOUN
requires,17,17,VERB
revenge,17,15,NOUN
dark,17,17,ADJ
subscribe,17,15,VERB
treasury,17,15,PROPN
meantime,17,17,NOUN
cousin,17,15,NOUN
sail,17,12,NOUN
streets,17,14,NOUN
wholly,17,17,ADV
resign,17,15,VERB
innocent,17,16,ADJ
clavering,17,17,NOUN
argument,17,16,NOUN
dutyfull,17,17,ADJ
litle,17,13,ADV
communicate,17,17,VERB
lodge,17,16,PROPN
hazard,17,16,NOUN
birthday,17,14,NOUN
occasioned,17,17,VERB
rents,17,12,NOUN
belonging,17,16,VERB
minutes,17,15,NOUN
unwilling,17,17,ADJ
affectly,17,17,ADV
carrying,17,17,VERB
vienna,17,13,PROPN
makeing,17,16,VERB
conveniently,17,17,ADV
somebody,17,17,PRON
abilities,17,17,NOUN
offered,17,17,VERB
female,17,15,ADJ
epistle,17,14,NOUN
below,17,16,ADP
elsewhere,17,17,ADV
suspected,17,16,VERB
inform'd,16,15,ADJ
yates,16,12,PROPN
wish'd,16,15,PROPN
allowing,16,16,VERB
campaign,16,14,NOUN
du,16,14,PROPN
powers,16,12,NOUN
chimney,16,11,NOUN
declaration,16,14,NOUN
plague,16,15,NOUN
wild,16,16,ADJ
hinder,16,16,VERB
supported,16,16,VERB
bury,16,15,VERB
interested,16,16,ADJ
ch,16,12,PROPN
clearly,16,15,ADV
1761,16,16,NUM
i'le,16,10,NOUN
allow'd,16,15,ADP
towne,16,9,NOUN
lucky,16,16,ADJ
physician,16,16,NOUN
voice,16,14,NOUN
cry,16,15,VERB
wedding,16,14,NOUN
minds,16,15,NOUN
cool,16,14,ADJ
remaining,16,16,VERB
colour,16,15,NOUN
alwayes,16,16,PROPN
complete,16,16,ADJ
walker,16,11,NOUN
pox,16,14,NOUN
certainty,16,16,NOUN
throwing,16,16,VERB
manners,16,13,NOUN
contrive,16,16,VERB
review,16,11,NOUN
wound,16,9,NOUN
objects,16,14,NOUN
1709,16,16,NUM
custom,16,16,NOUN
frequent,16,15,ADJ
catalogue,16,14,NOUN
1726,16,16,NUM
towns,16,16,NOUN
importance,16,15,NOUN
sandwich,16,9,NOUN
quick,16,16,ADJ
treason,16,11,NOUN
deserved,16,16,VERB
retired,16,15,VERB
advantages,16,15,NOUN
boat,16,9,NOUN
refer,16,16,VERB
drank,16,15,VERB
encourage,16,16,VERB
numbers,16,15,NOUN
conolly,16,11,PROPN
corner,16,15,NOUN
explanation,16,15,NOUN
divert,16,15,VERB
satisfactory,16,16,ADJ
portland,16,15,PROPN
kildare,16,9,PROPN
wright,16,14,NOUN
distemper,16,14,NOUN
dignity,16,15,NOUN
alsoe,16,14,PROPN
determination,16,14,NOUN
rate,16,16,NOUN
riding,16,15,VERB
chappel,16,11,NOUN
sayes,16,13,NOUN
sermons,16,15,NOUN
virgil,16,10,ADJ
confusion,16,15,NOUN
dispatch,16,16,NOUN
differ,16,16,VERB
horace,16,16,NOUN
devoted,16,15,ADJ
slight,16,14,ADJ
ceremony,16,15,NOUN
fix'd,16,16,ADJ
stranger,16,16,NOUN
followed,16,14,VERB
happily,16,15,ADV
tedious,16,16,ADJ
discover,16,16,VERB
begged,16,15,VERB
founded,16,15,VERB
josiah,16,16,PROPN
reply,16,15,NOUN
amusements,16,14,NOUN
coll~.,16,11,ADJ
wisdom,16,14,NOUN
unreasonable,16,15,ADJ
tenants,16,14,NOUN
cheaper,16,16,ADJ
allowance,16,12,NOUN
falls,16,13,VERB
prior,16,12,ADJ
beer,16,12,NOUN
joseph,16,16,PROPN
shew'd,16,15,VERB
moore,16,13,PROPN
charges,16,14,NOUN
parish,16,15,PROPN
rid,16,16,VERB
brave,16,16,ADJ
intimate,16,15,ADJ
habit,16,13,NOUN
prosperity,16,16,NOUN
warwick,16,11,NOUN
feels,16,15,VERB
unknown,16,14,ADJ
mortified,16,16,VERB
ashamed,16,15,ADJ
poem,16,10,NOUN
honourable,16,15,ADJ
bunbury,16,11,PROPN
perform'd,16,13,VERB
leg,16,14,NOUN
proportion,16,15,NOUN
bell,15,15,PROPN
desperate,15,14,ADJ
ambassador,15,14,NOUN
mov'd,15,10,NOUN
readiness,15,15,NOUN
assures,15,15,VERB
claim,15,15,VERB
expects,15,15,VERB
shut,15,15,VERB
visiting,15,15,VERB
cured,15,14,VERB
trial,15,11,NOUN
nonsense,15,14,NOUN
enabled,15,14,VERB
motions,15,14,NOUN
offence,15,14,NOUN
surgeon,15,12,NOUN
cover,15,14,NOUN
sickness,15,11,NOUN
entered,15,13,VERB
practice,15,15,VERB
amiable,15,15,ADJ
playing,15,14,VERB
barton,15,9,PROPN
sets,15,12,VERB
propper,15,11,ADJ
amuse,15,15,VERB
rage,15,14,NOUN
cautious,15,15,ADJ
demands,15,14,NOUN
westminster,15,15,PROPN
decline,15,14,VERB
bathing,15,12,NOUN
attends,15,15,VERB
scruple,15,14,NOUN
trusted,15,14,VERB
melancholly,15,14,ADJ
prevail,15,15,VERB
resolve,15,15,VERB
insisted,15,15,VERB
sessions,15,12,NOUN
ormond,15,14,PROPN
pride,15,13,NOUN
whither,15,11,VERB
chappelow,15,9,VERB
holds,15,14,VERB
civill,15,14,PROPN
personal,15,14,ADJ
union,15,12,NOUN
disease,15,9,NOUN
evil,15,14,ADJ
visits,15,15,NOUN
oaths,15,11,NOUN
unexpected,15,13,ADJ
dread,15,15,VERB
plants,15,9,NOUN
stronger,15,14,ADJ
merits,15,13,VERB
peculiar,15,14,ADJ
priest,15,13,NOUN
similar,15,14,ADJ
apprehensions,15,15,NOUN
conditions,15,15,NOUN
invasion,15,14,NOUN
williams,15,12,PROPN
sport,15,13,NOUN
envy,15,13,VERB
size,15,14,NOUN
packet,15,14,NOUN
saved,15,14,VERB
grows,15,14,VERB
prevents,15,15,VERB
27th,15,15,NOUN
key,15,15,NOUN
promote,15,13,VERB
allowed,15,14,VERB
perswaded,15,15,VERB
spa,15,8,NOUN
hole,15,8,NOUN
shape,15,14,NOUN
greencroft,15,14,ADJ
led,15,13,VERB
abt,15,11,VERB
michaelmas,15,12,NOUN
bart,15,15,PROPN
main,15,15,ADJ
yong,15,8,ADJ
rely,15,15,VERB
held,15,15,VERB
tempted,15,14,VERB
sword,15,11,NOUN
madame,15,11,PROPN
meat,15,12,NOUN
jun,15,15,PROPN
flattering,15,14,ADJ
govt,15,9,NOUN
liable,15,15,ADJ
oxon~.,15,15,PROPN
delicate,15,13,ADJ
22d,15,13,NUM
intirely,15,15,ADV
sanderson,15,13,PROPN
preach,15,15,VERB
remaine,15,15,NOUN
clause,15,8,NOUN
archbishop,15,14,NOUN
perticular,15,14,ADJ
promis,15,14,VERB
walls,15,15,NOUN
fathers,15,13,NOUN
placed,15,15,VERB
mortal,15,15,ADJ
drive,15,15,VERB
29th,15,15,ADJ
stays,15,15,VERB
lane,15,13,NOUN
vessels,15,10,NOUN
anyone,15,15,PRON
townshend,15,10,NOUN
animal,15,13,NOUN
baron,15,13,PROPN
president,15,14,PROPN
cases,15,15,NOUN
clergy,15,15,NOUN
superior,15,14,ADJ
liverpool,15,12,NOUN
k.,15,13,NOUN
usage,15,15,NOUN
apr,15,15,VERB
corporation,14,11,NOUN
polite,14,11,PROPN
lennox,14,13,PROPN
pretended,14,12,VERB
wayes,14,11,PROPN
occasion'd,14,13,VERB
1731,14,14,NUM
dozen,14,14,NOUN
inhabitants,14,11,NOUN
ev'n,14,12,PROPN
1790,14,13,NUM
surpriz'd,14,14,PROPN
chaise,14,12,NOUN
using,14,14,VERB
port,14,13,NOUN
stated,14,14,VERB
wedensday,14,13,NOUN
steady,14,14,ADJ
coal,14,10,NOUN
deserving,14,14,ADJ
ds,14,11,NOUN
christian,14,11,NOUN
accompany,14,13,VERB
burn,14,14,VERB
victory,14,12,NOUN
offers,14,11,VERB
disgrace,14,14,NOUN
giveing,14,14,VERB
hast,14,14,NOUN
honoured,14,13,VERB
1763,14,13,NUM
thee,14,7,PRON
ipswich,14,10,PROPN
generous,14,14,ADJ
cole,14,14,PROPN
pursue,14,13,VERB
acquired,14,11,VERB
contribute,14,14,VERB
sue,14,11,NOUN
needs,14,12,VERB
pension,14,14,NOUN
contains,14,14,VERB
frank,14,10,PROPN
steam,14,7,NOUN
bark,14,12,NOUN
repay,14,14,VERB
navy,14,13,PROPN
composition,14,13,NOUN
addressing,14,13,VERB
misfortunes,14,13,NOUN
prussia,14,13,PROPN
agent,14,13,NOUN
demand,14,12,NOUN
emperor,14,13,NOUN
relative,14,14,ADJ
winds,14,14,NOUN
partly,14,11,ADV
breast,14,12,NOUN
bishops,14,11,NOUN
doubted,14,13,VERB
interests,14,14,NOUN
suffer'd,14,14,ADJ
diss,14,10,PROPN
spirited,14,13,ADJ
blow,14,11,NOUN
slow,14,13,ADJ
connected,14,13,VERB
wonderful,14,13,ADJ
sentence,14,12,NOUN
oppose,14,13,VERB
somewhere,14,14,ADV
allen,14,12,PROPN
hide,14,13,NOUN
500,14,12,NUM
siddons,14,11,NOUN
drunk,14,14,ADJ
delightful,14,13,ADJ
encouragement,14,14,NOUN
capital,14,12,NOUN
caution,14,14,NOUN
game,14,14,NOUN
induce,14,14,VERB
88,14,12,NUM
partiality,14,14,NOUN
blessings,14,14,NOUN
trifle,14,13,NOUN
13th,14,14,PROPN
closely,14,14,ADV
consists,14,14,VERB
conviction,14,13,NOUN
forty,14,14,NUM
durst,14,14,VERB
septr,14,14,NOUN
issue,14,12,VERB
newton,14,11,PROPN
liking,14,13,NOUN
harcourt,14,12,PROPN
tree,14,12,NOUN
pair,14,14,NOUN
rain,14,11,NOUN
broken,14,10,VERB
yorke,14,10,PROPN
religious,14,14,ADJ
repent,14,14,VERB
enemies,14,11,NOUN
dundas,14,8,NOUN
preparations,14,13,NOUN
yeares,14,12,NOUN
car,14,11,NOUN
later,14,14,ADV
states,14,14,NOUN
powell,14,13,PROPN
evidence,14,13,NOUN
widow,14,12,NOUN
prisoner,14,10,NOUN
lower,14,12,ADV
1749,14,13,NUM
ordinary,14,11,ADJ
cecy,14,10,NOUN
grateful,14,13,ADJ
caroline,14,11,NOUN
31,14,14,NUM
attendance,14,14,NOUN
squadron,14,9,NOUN
lament,14,14,VERB
20l,14,11,NOUN
risk,14,12,NOUN
property,14,13,NOUN
schollar,14,9,NOUN
roof,14,10,NOUN
china,14,8,PROPN
chiefly,14,14,ADV
talk'd,14,12,ADV
admitted,14,13,VERB
salt,14,10,NOUN
critical,14,13,ADJ
opinions,14,14,NOUN
fat,14,12,NOUN
lopps,14,14,VERB
suffered,14,14,VERB
positively,14,13,ADV
accepted,14,13,VERB
snuff,14,13,NOUN
kiss,14,14,VERB
german,14,12,PROPN
vile,14,13,ADJ
shocking,14,12,ADJ
miller,14,8,PROPN
chambers,14,14,NOUN
obligeing,14,14,VERB
reserve,14,12,NOUN
falling,14,13,VERB
induced,13,11,VERB
robin,13,11,PROPN
belongs,13,13,VERB
lisbon,13,9,NOUN
serviceable,13,13,ADJ
warr,13,9,PRON
watch,13,12,NOUN
heaven,13,13,PROPN
pages,13,12,NOUN
latin,13,10,NOUN
worked,13,13,VERB
portsmouth,13,12,NOUN
quarrel,13,13,NOUN
amen,13,11,NOUN
paragraph,13,11,NOUN
charter,13,9,NOUN
arrive,13,12,VERB
pt,13,13,PROPN
plans,13,10,NOUN
reward,13,13,NOUN
examine,13,12,VERB
receives,13,13,VERB
produced,13,13,VERB
acts,13,13,VERB
wretch,13,11,NOUN
performance,13,12,NOUN
lottery,13,11,NOUN
ridiculous,13,13,ADJ
train,13,11,NOUN
larger,13,11,ADJ
hinted,13,13,VERB
sophy,13,12,NOUN
magnificent,13,13,ADJ
plenty,13,12,ADV
profit,13,13,NOUN
clark,13,10,PROPN
deanery,13,12,NOUN
subscribers,13,11,NOUN
carefully,13,13,ADV
clergyman,13,12,NOUN
procured,13,13,VERB
lent,13,12,VERB
trifling,13,13,NOUN
voted,13,11,VERB
flattery,13,13,NOUN
delicacy,13,13,NOUN
monys,13,8,NOUN
mended,13,13,VERB
1794,13,13,NUM
scofton,13,10,PROPN
association,13,8,NOUN
strongest,13,13,ADJ
exchange,13,13,NOUN
cordially,13,12,ADV
taught,13,13,VERB
essential,13,13,ADJ
allmost,13,12,NOUN
liquor,13,11,NOUN
turning,13,13,VERB
askt,13,8,NOUN
smal,13,9,ADJ
bread,13,13,NOUN
assurance,13,13,NOUN
speed,13,13,NOUN
passing,13,13,VERB
dreadful,13,13,ADJ
remedy,13,12,VERB
finish'd,13,13,VERB
strike,13,13,VERB
settlement,13,13,NOUN
reports,13,13,VERB
affecly,13,13,ADV
obligd,13,12,PROPN
coast,13,12,NOUN
1748,13,13,NUM
behalf,13,12,NOUN
killed,13,10,VERB
maintain,13,13,VERB
elections,13,11,NOUN
signed,13,12,VERB
result,13,13,NOUN
offended,13,12,VERB
mentions,13,13,VERB
bank,13,12,NOUN
sore,13,13,ADJ
accuse,13,13,VERB
unkind,13,9,NOUN
beloved,13,13,ADJ
cumberland,13,10,PROPN
popular,13,12,ADJ
forces,13,13,NOUN
hunting,13,12,NOUN
1747,13,13,NUM
1738,13,13,NUM
chat,13,13,NOUN
tongue,13,11,NOUN
hearts,13,11,NOUN
quietly,13,13,ADV
teeth,13,11,NOUN
selling,13,10,VERB
warburton,13,13,NOUN
rough,13,11,ADJ
continually,13,11,ADV
tooke,13,9,VERB
sung,13,10,VERB
height,13,13,NOUN
theory,13,11,NOUN
philosopher,13,11,NOUN
undone,13,13,ADJ
operation,13,13,NOUN
tonight,13,12,NOUN
happier,13,13,ADJ
engine,13,11,NOUN
89,13,13,NUM
desier,13,11,VERB
proceeding,13,13,NOUN
23d,13,12,NOUN
tears,13,11,NOUN
assizes,13,13,NOUN
remembrance,13,13,NOUN
beauties,13,12,NOUN
antient,13,9,NOUN
ends,13,12,VERB
touch,13,11,NOUN
creatures,13,13,NOUN
auckland,13,5,PROPN
repair,13,11,VERB
easter,13,13,ADJ
difficultys,13,12,NOUN
poet,13,11,NOUN
palace,13,13,NOUN
gets,13,11,VERB
battles,13,13,NOUN
entertain'd,13,13,ADV
whence,13,13,ADV
en,13,13,ADP
letting,13,11,VERB
admiralty,13,12,NOUN
2000,13,9,NUM
argile,13,7,PROPN
views,13,13,NOUN
belong,13,13,VERB
criticisms,13,11,NOUN
physicians,13,13,NOUN
enquiry,13,10,NOUN
begging,13,12,VERB
obtaining,13,11,VERB
station,13,11,NOUN
breaking,13,13,VERB
plead,13,13,VERB
restored,13,13,VERB
tenant,13,10,NOUN
absolute,13,13,ADJ
introduced,13,12,VERB
easier,13,13,ADJ
safety,13,13,NOUN
gardiner,13,11,NOUN
roads,13,12,NOUN
waggon,13,13,NOUN
marks,13,12,NOUN
bit,13,13,NOUN
named,13,13,VERB
ad,13,13,NOUN
arriv'd,13,11,VERB
uncommon,13,13,ADJ
surprized,13,13,VERB
extreme,13,13,ADJ
invention,13,11,NOUN
poets,13,8,NOUN
jany,13,13,PROPN
establishment,13,12,NOUN
antiquities,13,10,NOUN
owe,13,10,VERB
introduce,13,13,VERB
recommendation,13,13,NOUN
94,13,13,NUM
big,13,13,ADJ
prepared,13,13,VERB
troop,13,10,NOUN
acceptance,13,11,NOUN
companions,13,13,NOUN
relief,13,12,NOUN
e.,13,11,PROPN
tories,13,11,NOUN
extravagant,13,12,ADJ
churches,12,8,NOUN
explain'd,12,11,PROPN
bloom,12,8,NOUN
hers,12,12,PRON
travel,12,12,VERB
1740,12,12,NUM
resist,12,12,VERB
prosecution,12,7,NOUN
balguy,12,10,PROPN
dull,12,12,ADJ
bold,12,12,ADJ
arm,12,9,NOUN
revd,12,11,PROPN
surface,12,8,NOUN
damage,12,12,NOUN
probable,12,12,ADJ
british,12,11,PROPN
admiration,12,12,NOUN
rode,12,10,VERB
communicated,12,12,VERB
1764,12,11,NUM
prospects,12,12,NOUN
bookseller,12,12,PROPN
leghorn,12,5,VERB
ste,12,9,NOUN
tooth,12,7,NOUN
fearing,12,12,VERB
til,12,10,PROPN
robes,12,10,NOUN
excepted,12,10,VERB
proofs,12,11,NOUN
noon,12,12,NOUN
robinson,12,10,PROPN
trusting,12,12,VERB
1734,12,12,NUM
collections,12,10,NOUN
cannon,12,9,NOUN
nose,12,11,NOUN
bottle,12,11,NOUN
1746,12,12,NUM
kitty,12,8,NOUN
engaging,12,11,ADJ
chargeable,12,11,ADJ
fly,12,12,VERB
navigation,12,9,NOUN
imagined,12,12,VERB
follow'd,12,12,VERB
truest,12,12,ADJ
branch,12,9,NOUN
succeeding,12,12,VERB
dunkirk,12,8,NOUN
thurcaston,12,12,PROPN
cried,12,11,VERB
richard,12,12,PROPN
1713,12,12,NUM
returnd,12,10,VERB
form'd,12,12,VERB
convinc'd,12,12,PROPN
1767,12,12,NUM
nice,12,12,ADJ
expecting,12,12,VERB
forwards,12,10,ADV
satisfy'd,12,10,VERB
thanking,12,12,VERB
theirs,12,12,PRON
vacancy,12,11,NOUN
caused,12,12,VERB
approach,12,11,VERB
fashionable,12,12,ADJ
omitt,12,12,VERB
market,12,9,VERB
agrees,12,12,VERB
cutt,12,10,NOUN
acid,12,4,NOUN
lee,12,6,PROPN
buried,12,12,VERB
comparison,12,12,NOUN
suspicion,12,12,NOUN
inclinations,12,11,NOUN
pour,12,11,NOUN
mischief,12,10,NOUN
experienced,12,12,VERB
uncertainty,12,10,NOUN
autumn,12,12,NOUN
v.,12,6,PROPN
beautifull,12,11,ADJ
voyage,12,8,NOUN
preston,12,12,PROPN
increased,12,10,VERB
tale,12,12,NOUN
affirm,12,9,ADJ
mightily,12,12,ADV
enclos'd,12,11,PROPN
31st,12,12,NOUN
speaker,12,11,NOUN
lyes,12,12,NOUN
doubts,12,12,VERB
comprehend,12,11,VERB
fetch,12,12,VERB
paternal,12,11,ADJ
chatsworth,12,7,NOUN
doubtless,12,10,ADJ
attached,12,12,VERB
60,12,12,NUM
inch,12,11,NOUN
continuing,12,12,VERB
sunderland,12,10,PROPN
management,12,12,NOUN
din'd,12,11,VERB
unalterably,12,12,ADV
fort,12,10,PROPN
apology,12,12,NOUN
realy,12,12,PROPN
essex,12,12,PROPN
respectable,12,11,ADJ
changes,12,11,NOUN
shewed,12,11,VERB
infantry,12,7,NOUN
succession,12,6,NOUN
pot,12,8,NOUN
boxes,12,7,NOUN
hasten,12,12,VERB
speedily,12,11,ADV
brick,12,9,NOUN
somerset,12,11,NOUN
drop,12,12,VERB
secured,12,10,VERB
confirmation,12,10,NOUN
tobacco,12,12,NOUN
forgott,12,11,PROPN
teach,12,12,VERB
dance,12,12,VERB
hannover,12,10,PROPN
evident,12,10,ADJ
duely,12,12,ADV
dragoons,12,8,NOUN
absurd,12,12,ADJ
grandmother,12,9,PROPN
approaching,12,12,VERB
lancashire,12,9,NOUN
beds,12,11,NOUN
ages,12,12,NOUN
exceed,12,12,VERB
anger,12,9,NOUN
useless,12,12,ADJ
deprived,12,12,VERB
purely,12,12,ADV
rais'd,12,9,NOUN
volumes,12,11,NOUN
don,12,10,PROPN
installation,12,10,NOUN
honesty,12,12,ADJ
arlington,12,12,PROPN
thorough,12,12,ADJ
lover,12,12,NOUN
declaring,12,12,VERB
praises,12,11,NOUN
inclos'd,12,11,PROPN
errors,12,12,NOUN
milk,12,10,NOUN
commanded,12,10,VERB
behalfe,12,9,NOUN
adviseing,12,12,VERB
poverty,12,12,NOUN
despair,12,12,VERB
charity,12,12,NOUN
indisposed,12,12,ADJ
theatre,12,12,NOUN
coll~,12,9,PROPN
altered,12,12,VERB
linky,12,11,PROPN
displeasure,12,12,NOUN
discharged,12,11,VERB
chamberlain,12,11,PROPN
undertaking,12,12,NOUN
wells,12,12,PROPN
booke,12,9,VERB
examination,12,11,NOUN
rebellion,12,7,NOUN
bye,12,11,INTJ
genteel,12,11,NOUN
sacred,12,12,ADJ
th,12,8,VERB
haueing,12,9,VERB
whatsoever,12,12,ADV
patron,12,11,NOUN
nous,12,11,ADJ
kew,11,11,VERB
93,11,11,NUM
comedy,11,7,NOUN
1735,11,11,NUM
inclose,11,11,VERB
shot,11,10,VERB
bagot,11,9,PROPN
newes,11,11,NOUN
glory,11,11,NOUN
alter'd,11,11,INTJ
expedient,11,11,NOUN
violently,11,11,ADV
opened,11,11,VERB
salary,11,9,NOUN
working,11,10,NOUN
rob,11,10,VERB
absorption,11,5,NOUN
q.,11,10,NOUN
occur,11,10,VERB
intending,11,11,VERB
natured,11,11,ADJ
mourning,11,10,NOUN
lacy,11,8,NOUN
consider'd,11,10,VERB
sovereign,11,10,VERB
leicester,11,11,PROPN
leads,11,11,VERB
ventured,11,11,VERB
appoint,11,11,VERB
cart,11,8,NOUN
joke,11,11,NOUN
1773,11,11,NUM
parting,11,11,VERB
adding,11,10,VERB
tho~,11,8,X
depended,11,11,VERB
gift,11,10,NOUN
proceeds,11,11,VERB
1789,11,10,NUM
affects,11,11,VERB
positive,11,11,ADJ
greville,11,9,NOUN
1/2,11,9,NUM
text,11,8,NOUN
impertinent,11,11,ADJ
detain'd,11,10,NOUN
almighty,11,10,ADJ
verse,11,7,NOUN
bow,11,11,NOUN
instantly,11,11,ADV
stroke,11,11,NOUN
endeavour'd,11,10,PRON
drew,11,11,VERB
plot,11,8,NOUN
brigadeer,11,8,NOUN
lodging,11,10,NOUN
wherever,11,11,SCONJ
surprize,11,10,NOUN
reconciled,11,9,VERB
emily,11,9,ADV
winchester,11,10,NOUN
pembroke,11,10,PROPN
bred,11,10,VERB
nervous,11,11,ADJ
lucy,11,9,PROPN
brothere,11,7,NOUN
celbridge,11,11,NOUN
show'd,11,11,VERB
corps,11,10,NOUN
compleatly,11,8,ADV
parker,11,11,PROPN
cardinal,11,4,NOUN
activity,11,11,NOUN
baker,11,7,NOUN
remembered,11,10,VERB
yn,11,9,DET
comittee,11,9,NOUN
bridge,11,10,PROPN
chez,11,10,NOUN
octr,11,11,PROPN
grains,11,7,NOUN
dressing,11,10,NOUN
american,11,10,ADJ
harris,11,9,PROPN
seeds,11,7,NOUN
philosophers,11,11,NOUN
accused,11,10,VERB
alice,11,11,PROPN
2s,11,9,PROPN
clerk,11,9,PROPN
violence,11,10,NOUN
wing,11,9,NOUN
kent,11,11,PROPN
composed,11,11,VERB
avoided,11,10,VERB
norris,11,7,PROPN
schools,11,11,NOUN
sarah,11,11,PROPN
patient,11,11,ADJ
attempted,11,11,VERB
burney,11,7,PROPN
designes,11,9,NOUN
oppinion,11,10,NOUN
governour,11,9,NOUN
kg,11,8,PROPN
conscious,11,11,ADJ
bar,11,11,NOUN
usually,11,10,ADV
obedt,11,11,PROPN
pint,11,8,NOUN
ran,11,11,VERB
bay,11,11,NOUN
period,11,10,NOUN
model,11,8,NOUN
carries,11,11,VERB
grain,11,10,NOUN
landed,11,11,VERB
ps,11,11,PROPN
entering,11,11,VERB
affections,11,11,NOUN
spending,11,11,VERB
pick,11,10,VERB
obstinate,11,10,ADJ
elizabeth,11,9,PROPN
upper,11,9,ADJ
actions,11,9,NOUN
circular,11,10,ADJ
dispos'd,11,11,NUM
allies,11,10,NOUN
lovely,11,9,ADJ
resolutions,11,11,NOUN
integrity,11,11,NOUN
calld,11,9,PROPN
subscribed,11,8,ADJ
86,11,11,NUM
lasted,11,11,VERB
400,11,8,NUM
1771,11,11,NUM
orme,11,6,NOUN
task,11,11,NOUN
1793,11,11,NUM
excise,11,10,NOUN
express'd,11,11,NOUN
ambitious,11,8,ADJ
aversion,11,11,NOUN
diversion,11,10,NOUN
chiswick,11,7,VERB
schemes,11,10,NOUN
jos,11,9,PROPN
opposite,11,11,ADJ
legs,11,11,NOUN
indulgence,11,11,NOUN
qualities,11,11,NOUN
whitehall,11,11,NOUN
youngest,11,11,ADJ
civilities,11,11,NOUN
g-,11,7,X
dogs,11,10,NOUN
protestant,11,9,ADJ
decide,11,11,VERB
job,11,10,NOUN
laughed,11,11,VERB
machine,11,7,NOUN
deacon,11,9,NOUN
instrument,11,7,NOUN
bond,11,8,NOUN
admired,11,11,VERB
lively,11,10,ADJ
lawyer,11,10,NOUN
spot,11,11,NOUN
performed,11,10,VERB
gained,11,10,VERB
1795,11,10,NUM
dutyful,11,11,ADJ
horrid,11,11,ADJ
cares,11,11,VERB
examined,11,9,VERB
lend,11,11,VERB
doctrine,11,9,NOUN
governor,11,11,NOUN
talents,11,11,NOUN
compagny,11,9,NOUN
transmit,11,11,VERB
lectures,11,10,NOUN
gibralter,11,7,NOUN
beat,11,11,VERB
est,11,10,X
becoming,11,11,VERB
ms,11,10,NOUN
walks,11,11,NOUN
gallery,11,7,NOUN
quarrell,11,7,VERB
roll,11,9,NOUN
martin,11,11,PROPN
inconvenience,11,11,NOUN
1717,11,11,NUM
stocks,11,9,NOUN
ralph,11,7,PROPN
freytag,11,7,NOUN
respecting,11,11,VERB
dover,11,11,PROPN
ambition,11,11,NOUN
som,11,9,NOUN
overcome,11,11,VERB
divers,11,11,NOUN
1737,11,11,NUM
1784,11,10,NUM
senior,11,11,ADJ
tenderness,11,10,NOUN
passes,11,11,VERB
bustle,11,10,NOUN
older,11,10,ADJ
favour'd,11,10,NOUN
hang,11,11,VERB
colours,11,9,NOUN
agt,11,6,VERB
luckily,11,11,ADV
audience,11,10,NOUN
peruse,11,10,VERB
prepare,11,10,VERB
buying,11,11,VERB
debates,11,9,NOUN
parlt,11,8,PROPN
delightfull,11,10,ADJ
pipe,11,9,NOUN
prodigiously,11,11,ADV
shop,11,10,NOUN
600,11,10,NUM
1752,11,11,NUM
across,11,11,ADP
represent,11,11,VERB
fruit,11,9,NOUN
divided,11,10,VERB
catch,11,11,VERB
solid,11,11,ADJ
1776,11,11,NUM
novr,11,11,NOUN
recorder,11,9,NOUN
moments,11,11,NOUN
mild,10,9,ADJ
shoes,10,9,NOUN
encrease,10,10,VERB
parliamt,10,9,PROPN
play'd,10,10,NOUN
chapel,10,9,NOUN
1744,10,10,NUM
diligent,10,9,ADJ
stories,10,9,NOUN
facts,10,9,NOUN
amused,10,10,VERB
skin,10,9,NOUN
canterbury,10,8,PROPN
princes,10,10,NOUN
brain,10,10,NOUN
regarded,10,9,VERB
preserved,10,9,VERB
brethren,10,9,NOUN
indebted,10,10,ADJ
throat,10,10,NOUN
pressing,10,10,VERB
a-,10,6,PROPN
seek,10,8,VERB
painter,10,8,NOUN
contrived,10,9,VERB
inquiry,10,10,NOUN
convenience,10,10,NOUN
cutting,10,8,VERB
keppel,10,6,NOUN
1766,10,10,NUM
excepting,10,10,VERB
easie,10,10,ADJ
inquire,10,10,VERB
jackson,10,6,PROPN
70,10,10,NUM
reconcile,10,10,VERB
scenes,10,9,NOUN
borrow,10,10,VERB
patterns,10,9,NOUN
yrself,10,10,PRON
discovery,10,10,NOUN
t'other,10,8,PROPN
successful,10,8,ADJ
reymerston,10,5,NOUN
edinburgh,10,5,PROPN
vane,10,8,PROPN
hugh,10,7,NOUN
plays,10,10,NOUN
prejudices,10,9,NOUN
strand,10,10,NOUN
occurs,10,9,VERB
function,10,8,NOUN
propos'd,10,9,NOUN
taylor,10,8,PROPN
diverted,10,10,VERB
answere,10,9,NOUN
dearer,10,8,NOUN
peaple,10,8,NOUN
curacy,10,8,NOUN
ornament,10,9,ADJ
complained,10,10,VERB
acquire,10,9,VERB
hull,10,9,NOUN
displeased,10,10,VERB
clean,10,10,VERB
afflicted,10,10,VERB
dancing,10,9,VERB
dropt,10,9,ADJ
1708,10,10,NUM
proxy,10,10,NOUN
prejudiced,10,9,ADJ
moira,10,6,PROPN
commander,10,10,NOUN
churchill,10,8,NOUN
publish'd,10,10,PROPN
faces,10,10,NOUN
gore,10,7,PROPN
crisis,10,7,NOUN
removing,10,10,VERB
neck,10,10,NOUN
bears,10,10,VERB
observation,10,9,NOUN
concernd,10,8,ADJ
abundance,10,10,NOUN
process,10,6,NOUN
rains,10,10,NOUN
stick,10,10,VERB
mills,10,9,NOUN
effectually,10,10,ADV
fuller,10,7,NOUN
othere,10,7,ADP
serv,10,10,PROPN
wretched,10,10,ADJ
keept,10,7,ADJ
unnecessary,10,10,ADJ
furniture,10,9,NOUN
fame,10,10,NOUN
clever,10,10,ADJ
talbot,10,7,PROPN
ruined,10,10,VERB
gay,10,10,ADJ
liv'd,10,10,NOUN
earle,10,9,PROPN
own'd,10,9,VERB
br,10,7,PROPN
accounted,10,10,VERB
sennight,10,10,PROPN
lawyers,10,10,NOUN
1743,10,10,NUM
shown,10,10,VERB
marked,10,10,ADJ
brunswick,10,9,NOUN
obtained,10,10,VERB
cos,10,7,PROPN
berlin,10,9,PROPN
drury,10,9,NOUN
impatience,10,10,NOUN
tryed,10,7,VERB
filled,10,10,VERB
vex,10,10,VERB
gradually,10,9,ADV
pays,10,8,VERB
delight,10,10,VERB
conquer,10,9,NOUN
regularly,10,9,ADV
1736,10,9,NUM
saving,10,9,NOUN
symptoms,10,10,NOUN
dialogues,10,7,NOUN
aspatrick,10,9,NOUN
farewell,10,9,PROPN
beg'd,10,10,VERB
raising,10,10,VERB
conjecture,10,9,NOUN
generals,10,6,NOUN
reflections,10,10,NOUN
alass,10,9,NOUN
stir,10,10,VERB
wicked,10,10,ADJ
sink,10,9,VERB
respectful,10,10,ADJ
holt,10,6,PROPN
nurse,10,10,NOUN
relieve,10,10,VERB
companion,10,10,NOUN
amount,10,10,VERB
shelburne,10,7,VERB
desirable,10,9,ADJ
spread,10,10,VERB
weston,10,8,PROPN
imperfect,10,10,ADJ
sitting,10,10,VERB
void,10,10,ADJ
execute,10,9,VERB
wh,10,8,PROPN
cap,10,9,NOUN
sam,10,10,PROPN
deplorable,10,10,ADJ
stopt,10,8,NOUN
carteret,10,4,PROPN
freeholders,10,9,NOUN
submitt,10,7,VERB
hat,10,9,NOUN
misery,10,9,NOUN
enquired,10,9,VERB
baronet,10,9,PROPN
pack,10,10,NOUN
chairs,10,8,NOUN
conferred,10,9,VERB
consul,10,6,NOUN
planting,10,9,NOUN
dreadfull,10,10,ADJ
97,10,7,NUM
i.,10,10,NOUN
birds,10,9,NOUN
cator,10,5,NOUN
sharp,10,8,PROPN
tragedy,10,9,NOUN
accompanied,10,9,VERB
tout,10,10,NOUN
montagu,10,6,PROPN
settling,10,10,VERB
sheep,10,8,NOUN
ring,10,8,VERB
discretion,10,10,NOUN
usuall,10,9,NOUN
ignorance,10,10,NOUN
em,10,5,PRON
pretence,10,9,NOUN
newspapers,10,9,NOUN
weekly,10,10,ADJ
flying,10,8,VERB
middleton,10,7,PROPN
warrant,10,7,VERB
crew,10,7,PROPN
blessed,10,10,VERB
mistakes,10,10,NOUN
devil,10,9,NOUN
undertook,10,10,VERB
reflect,10,10,VERB
speeches,10,10,NOUN
neighbouring,10,10,NOUN
visible,10,10,ADJ
vernon,10,10,PROPN
negligence,10,10,NOUN
critic,10,9,NOUN
indifference,10,10,NOUN
charged,10,9,VERB
continent,10,10,NOUN
fifteen,10,9,NUM
charg'd,10,8,VERB
remember'd,10,10,NOUN
mistress,10,10,NOUN
1775,10,10,NUM
thin,10,10,ADJ
91,10,10,NUM
storm,10,10,NOUN
intreat,10,10,ADJ
submission,10,10,NOUN
jacob,10,7,PROPN
berkeley,10,7,PROPN
beau,10,10,PROPN
procuring,10,10,VERB
cease,10,10,VERB
signor,10,4,ADJ
deputy,10,9,NOUN
strafford,10,10,NOUN
commonly,10,10,ADV
observations,10,10,NOUN
odes,10,8,NOUN
farme,10,6,NOUN
thanke,10,7,ADJ
strictly,10,10,ADV
rogers,10,9,NOUN
statutes,10,9,NOUN
hanged,10,9,VERB
tunbridge,10,8,NOUN
beging,10,7,VERB
hospital,10,5,NOUN
immense,10,9,ADJ
fish,10,10,NOUN
collectanea,10,8,NOUN
bids,10,10,VERB
viollent,10,8,ADJ
suffering,10,10,VERB
ounces,10,5,NOUN
produces,10,9,VERB
stirring,10,10,NOUN
censure,10,10,NOUN
swear,10,10,VERB
alexander,10,8,NOUN
kindest,10,10,ADJ
endeavor,10,10,VERB
speedy,10,10,ADJ
fortunate,10,9,ADJ
polliticks,10,9,NOUN
mortification,10,9,NOUN
believes,10,10,VERB
privy,10,10,PROPN
wives,10,9,NOUN
guardian,10,9,PROPN
stanley,10,8,PROPN
naming,10,10,VERB
1745,10,10,NUM
1792,10,10,NUM
caracter,10,9,NOUN
heir,10,9,NOUN
caught,10,9,VERB
mixture,10,7,NOUN
conceal,10,9,VERB
attacks,9,9,NOUN
sd,9,6,ADV
iron,9,7,NOUN
y,9,7,PROPN
goeing,9,7,VERB
comfortably,9,9,ADV
politeness,9,8,NOUN
applying,9,9,VERB
a.m.,9,9,NOUN
je,9,8,PROPN
sha,9,8,AUX
1768,9,9,NUM
burnyeats,9,6,NOUN
se,9,9,X
circle,9,9,NOUN
unfortunately,9,7,ADV
les,9,9,X
albans,9,9,PROPN
commissions,9,8,NOUN
pique,9,9,NOUN
committed,9,9,VERB
againe,9,8,NOUN
lettr,9,9,NOUN
prejudicial,9,7,ADJ
dangers,9,7,NOUN
trevor,9,8,NOUN
ton,9,6,NOUN
reckon'd,9,9,PROPN
eminent,9,9,ADJ
v,9,5,PROPN
extremly,9,9,ADV
frederick,9,5,NOUN
scarborough,9,8,ADJ
rock,9,6,VERB
reckoned,9,8,VERB
club,9,6,NOUN
advis'd,9,7,PROPN
farmer,9,7,NOUN
accompt,9,7,ADJ
kirby,9,8,PROPN
myne,9,7,NOUN
barn,9,5,NOUN
jacobites,9,7,NOUN
establish'd,9,8,VERB
mile,9,9,NOUN
dodsley,9,6,PROPN
digby,9,7,PROPN
obed,9,9,VERB
brynbella,9,8,NOUN
parsonage,9,8,NOUN
system,9,8,NOUN
barrier,9,4,NOUN
matthew,9,8,PROPN
evidently,9,9,ADV
food,9,7,NOUN
artillery,9,5,NOUN
augst,9,8,PROPN
taw,9,6,NOUN
untill,9,9,NOUN
entreat,9,7,VERB
evils,9,9,NOUN
literary,9,9,ADJ
chesterfield,9,8,ADV
1500,9,7,NUM
cover'd,9,6,PROPN
chronicle,9,9,PROPN
canada,9,5,PROPN
thinkes,9,8,PROPN
caractacus,9,8,NOUN
cavalry,9,8,NOUN
shake,9,9,NOUN
regts,9,6,NOUN
elegance,9,9,NOUN
acquaints,9,9,VERB
simply,9,9,ADV
halfe,9,8,NOUN
wounded,9,9,VERB
occasionally,9,8,ADV
operations,9,9,NOUN
aimable,9,8,ADJ
sate,9,8,VERB
sensibility,9,9,NOUN
sugar,9,5,NOUN
1770,9,9,NUM
hunt,9,8,VERB
on't,9,9,ADV
humanity,9,9,NOUN
dream,9,9,NOUN
hop'd,9,7,NOUN
readers,9,9,NOUN
wilbraham,9,6,PROPN
passions,9,9,NOUN
kindnesses,9,9,NOUN
criticism,9,9,NOUN
sacrifice,9,9,NOUN
sums,9,8,NOUN
forgetting,9,9,VERB
foolishly,9,9,ADV
staff,9,9,NOUN
directing,9,9,VERB
hervey,9,6,NOUN
jemmy,9,9,PROPN
arrangement,9,9,NOUN
necessaries,9,8,NOUN
asks,9,6,VERB
musgrave,9,8,PROPN
shock,9,8,NOUN
decent,9,9,ADJ
passages,9,9,NOUN
impracticable,9,9,ADJ
firmly,9,9,ADV
offering,9,9,VERB
murray,9,7,PROPN
department,9,6,NOUN
byerley,9,6,PROPN
sect,9,5,NOUN
clutterbuck,9,6,PROPN
extract,9,6,NOUN
honorable,9,9,ADJ
jasper,9,7,NOUN
togeather,9,8,NOUN
smallest,9,9,ADJ
suddenly,9,8,ADV
tutors,9,8,NOUN
aware,9,9,ADJ
reduced,9,9,VERB
instances,9,6,NOUN
stainborough,9,5,NOUN
rules,9,9,NOUN
cloths,9,9,NOUN
denmark,9,9,NOUN
physick,9,9,NOUN
abused,9,8,VERB
excess,9,9,NOUN
fatal,9,9,ADJ
a.,9,9,NOUN
drove,9,9,VERB
undergo,9,9,VERB
aid,9,9,NOUN
disturbance,9,9,NOUN
abate,9,9,VERB
yearly,9,8,ADJ
rout,9,8,NOUN
disputes,9,9,NOUN
ramble,9,9,ADJ
monuments,9,9,NOUN
prisoners,9,8,NOUN
numerous,9,9,ADJ
leeds,9,9,NOUN
warmly,9,8,ADV
asaph,9,8,PROPN
solitude,9,8,NOUN
proposing,9,8,NOUN
distresses,9,9,NOUN
1739,9,9,NUM
aprill,9,9,NOUN
pence,9,7,NOUN
successor,9,9,NOUN
faith,9,9,NOUN
understands,9,9,VERB
affliction,9,9,NOUN
acre,9,5,PROPN
clay,9,8,NOUN
total,9,9,ADJ
bare,9,9,VERB
posture,9,8,NOUN
judged,9,9,VERB
visited,9,9,VERB
decency,9,8,NOUN
whoever,9,8,PRON
methinks,9,8,NOUN
northern,9,9,ADJ
cathcart,9,6,PROPN
billy,9,4,PROPN
misses,9,8,NOUN
coaches,9,9,NOUN
sincerest,9,9,ADJ
courtier,9,7,NOUN
bargain,9,9,NOUN
signify,9,9,VERB
johny,9,9,PROPN
ash,9,8,PROPN
hood,9,7,NOUN
lookt,9,9,NOUN
tidings,9,9,NOUN
accepting,9,9,VERB
earliest,9,9,ADJ
submitted,9,8,VERB
smart,9,9,VERB
beforehand,9,9,ADV
trinity,9,9,VERB
workmen,9,7,NOUN
waits,9,9,VERB
writers,9,9,NOUN
translation,9,9,NOUN
collier,9,7,NOUN
discipline,9,8,NOUN
imagin'd,9,9,NOUN
revolution,9,9,NOUN
surprising,9,9,ADJ
re,9,9,VERB
fits,9,9,NOUN
eaton,9,9,PROPN
skill,9,9,NOUN
prevailed,9,9,VERB
removal,9,9,NOUN
remote,9,8,ADJ
warning,9,9,NOUN
advertisement,9,9,NOUN
sketch,9,7,NOUN
elder,9,9,ADJ
diligence,9,9,NOUN
kensington,9,8,PROPN
resentment,9,9,NOUN
supposing,9,9,VERB
laughs,9,8,VERB
moon,9,7,NOUN
requested,9,8,VERB
hired,9,7,VERB
cutts,9,4,NOUN
disadvantage,9,9,NOUN
mending,9,8,VERB
capacity,9,9,NOUN
compared,9,9,VERB
solemn,9,9,ADJ
serves,9,9,NOUN
dining,9,9,VERB
treatment,9,9,NOUN
abuses,9,9,NOUN
contradict,9,9,VERB
cent,9,8,NOUN
ruin'd,9,8,PROPN
peterborough,9,7,PROPN
britain,9,9,PROPN
inconveniences,9,9,NOUN
jones,9,9,PROPN
front,9,8,NOUN
described,9,8,VERB
ordering,9,8,VERB
ingratitude,9,9,NOUN
stair,9,8,PROPN
orford,9,8,PROPN
alarm,9,9,NOUN
hung,9,8,VERB
satisfyed,9,8,VERB
neat,9,9,ADJ
contain,9,9,VERB
laughing,9,9,VERB
forc'd,9,7,VERB
frame,9,9,NOUN
i'l,9,8,ADV
bright,9,8,ADJ
repairs,9,7,NOUN
valued,9,8,VERB
yards,9,7,PROPN
cook,9,9,NOUN
franklin,9,8,PROPN
purposes,9,9,NOUN
ceased,9,9,VERB
worke,9,7,NOUN
exposed,9,8,VERB
severely,9,7,ADV
simpson,9,8,NOUN
punishment,9,7,NOUN
horror,9,8,NOUN
wonderfull,9,9,ADJ
lime,9,9,NOUN
1757,9,9,NUM
burning,9,8,VERB
toleration,9,4,NOUN
roome,9,6,NOUN
seller,9,5,NOUN
venison,9,8,NOUN
witt,9,7,ADJ
barley,9,6,NOUN
retreat,9,9,NOUN
purse,9,9,NOUN
ballance,9,8,VERB
punctually,9,9,ADV
recieve,9,9,VERB
orator,9,7,NOUN
surrounded,9,9,VERB
govern,9,9,VERB
suitable,9,9,ADJ
yeild,9,7,PROPN
peices,9,8,NOUN
furnishing,9,9,VERB
bestow,9,9,VERB
harley,9,8,PROPN
gates,9,7,NOUN
couple,9,9,NOUN
holding,9,9,VERB
alterd,9,6,NOUN
golden,9,9,PROPN
canon,9,7,NOUN
generosity,9,9,NOUN
furnished,9,9,VERB
3rd,9,9,ADJ
abbey,9,7,NOUN
concert,9,8,NOUN
tear,9,9,NOUN
popish,9,8,ADJ
improvements,9,8,NOUN
silly,9,8,ADJ
penny,9,9,NOUN
landlord,9,8,NOUN
ve,9,7,VERB
sencible,8,8,ADJ
hond,8,6,PROPN
duel,8,6,NOUN
royall,8,7,NOUN
diverting,8,7,VERB
lamented,8,7,VERB
sweden,8,6,PROPN
say'd,8,7,NOUN
authors,8,8,NOUN
sheriff,8,7,NOUN
consolation,8,8,PROPN
trick,8,8,NOUN
kitchen,8,7,NOUN
relate,8,7,VERB
closet,8,8,NOUN
averse,8,7,ADJ
simon,8,6,PROPN
rights,8,7,NOUN
expensive,8,8,ADJ
rec'd,8,5,VERB
declined,8,8,VERB
joint,8,7,ADJ
entre,8,8,NOUN
believ'd,8,8,VERB
aim,8,8,NOUN
impression,8,7,NOUN
bone,8,7,NOUN
estates,8,8,NOUN
promotion,8,7,NOUN
admires,8,8,VERB
finishing,8,8,NOUN
medley,8,5,NOUN
chearfull,8,8,NOUN
garrison,8,8,NOUN
torys,8,6,NOUN
prettily,8,8,ADV
discourses,8,8,NOUN
duties,8,7,NOUN
villains,8,5,NOUN
lay'd,8,8,NOUN
squire,8,8,NOUN
somehow,8,8,ADV
journeys,8,7,NOUN
armies,8,6,NOUN
conference,8,7,NOUN
cry'd,8,7,PROPN
grieve,8,7,VERB
eleven,8,8,NUM
reign,8,8,NOUN
transaction,8,7,NOUN
sign'd,8,8,PROPN
prebend,8,8,NOUN
lt,8,7,PROPN
pr,8,7,PROPN
drops,8,8,VERB
rightly,8,8,ADV
bavaria,8,6,PROPN
secrets,8,7,NOUN
stables,8,5,NOUN
interfere,8,8,VERB
dorset,8,6,NOUN
confirm'd,8,8,NOUN
gazette,8,7,NOUN
maintenance,8,8,NOUN
regards,8,7,VERB
established,8,8,VERB
1742,8,6,NUM
decision,8,8,NOUN
witness,8,8,NOUN
faction,8,8,NOUN
sufferings,8,7,NOUN
hears,8,8,VERB
govern'd,8,8,ADV
privately,8,8,ADV
ogle,8,6,PROPN
empress,8,7,NOUN
fortifications,8,7,NOUN
natur'd,8,8,VERB
oath,8,7,NOUN
spleen,8,8,NOUN
avoiding,8,8,VERB
highness,8,7,NOUN
incumbent,8,8,ADJ
confin'd,8,8,PROPN
guide,8,8,VERB
dutchesse,8,6,NOUN
citty,8,7,PROPN
hurried,8,8,VERB
parsons,8,6,NOUN
aldermen,8,5,PROPN
therewith,8,8,PROPN
alarm'd,8,8,VERB
learnt,8,8,VERB
batallions,8,5,NOUN
tend,8,8,VERB
cheshire,8,7,NOUN
b-,8,8,X
refusing,8,8,VERB
rejoiced,8,7,VERB
affidavit,8,6,NOUN
visitation,8,7,NOUN
forthwith,8,8,ADV
tiresome,8,8,ADJ
bacon,8,7,NOUN
scholar,8,8,NOUN
gladly,8,8,ADV
became,8,8,VERB
cadell,8,7,PROPN
tollerable,8,7,ADJ
horrible,8,7,ADJ
cloth,8,8,NOUN
brinbella,8,7,PROPN
ray,8,4,PROPN
briggs,8,4,PROPN
lights,8,7,NOUN
doeing,8,8,VERB
chearful,8,8,ADJ
united,8,8,ADJ
policy,8,7,NOUN
grey,8,8,PROPN
robt,8,7,PROPN
solely,8,8,ADV
guns,8,7,NOUN
pipes,8,6,NOUN
murder,8,7,VERB
mountains,8,8,NOUN
wonders,8,8,NOUN
singular,8,8,ADJ
moral,8,8,NOUN
merchants,8,8,NOUN
strangely,8,8,ADV
fellowship,8,7,NOUN
pattern,8,8,NOUN
indignation,8,8,NOUN
race,8,8,NOUN
posts,8,7,NOUN
guinea,8,8,NOUN
abated,8,8,VERB
carlile,8,8,PROPN
looke,8,8,VERB
hourly,8,8,ADJ
walking,8,8,NOUN
youl,8,8,PROPN
bine,8,7,VERB
acquiesce,8,8,VERB
tel,8,7,VERB
negligent,8,8,ADJ
swan,8,8,NOUN
1769,8,8,NUM
ackland,8,7,NOUN
hints,8,8,NOUN
frankland,8,4,PROPN
ask't,8,6,VERB
shrewsbery,8,7,NOUN
verily,8,8,ADV
receaved,8,8,VERB
punish,8,7,VERB
20s,8,7,NOUN
prodigious,8,8,ADJ
lock,8,7,PROPN
p~,8,8,PROPN
kill,8,8,VERB
1686,8,8,NUM
lowest,8,7,ADJ
sashes,8,5,NOUN
sash,8,7,NOUN
stay'd,8,7,PROPN
desert,8,8,NOUN
er,8,7,INTJ
linnen,8,7,PROPN
alike,8,8,ADV
brathwait,8,5,PROPN
nere,8,7,ADP
wide,8,7,ADJ
ordained,8,7,VERB
acres,8,6,NOUN
somersetshire,8,6,X
1756,8,8,NUM
hamilton,8,8,PROPN
forwarded,8,7,VERB
preface,8,8,NOUN
music,8,7,NOUN
enjoying,8,8,VERB
space,8,8,NOUN
treasure,8,8,NOUN
monument,8,6,NOUN
recovering,8,8,VERB
narrow,8,8,ADJ
offend,8,8,VERB
musick,8,7,NOUN
angleterre,8,8,PROPN
payd,8,6,VERB
acknowledged,8,8,VERB
profits,8,8,NOUN
expos'd,8,8,PROPN
quickly,8,7,ADV
injury,8,7,NOUN
candour,8,8,NOUN
thunder,8,6,NOUN
remark,8,8,NOUN
declar'd,8,8,PROPN
affecte,8,7,NOUN
storry,8,6,NOUN
parade,8,5,NOUN
rides,8,7,NOUN
whiggs,8,7,NOUN
justify,8,8,VERB
dramatic,8,6,ADJ
manchester,8,6,NOUN
willis,8,8,PROPN
heap,8,8,NOUN
sworn,8,8,VERB
attentive,8,8,ADJ
parcel,8,8,NOUN
substance,8,8,NOUN
popery,8,7,NOUN
ruins,8,5,NOUN
1777,8,8,NUM
bedchamber,8,7,NOUN
copper,8,6,NOUN
turns,8,8,VERB
included,8,8,VERB
finer,8,8,ADJ
wonderfully,8,7,ADV
doubting,8,8,VERB
yarmouth,8,8,NOUN
messrs,8,7,PROPN
rector,8,8,NOUN
presumption,8,8,NOUN
reads,8,8,VERB
managed,8,8,VERB
printer,8,8,NOUN
encouraged,8,8,VERB
pointed,8,7,VERB
augusta,8,4,VERB
lest,8,8,ADP
mare,8,7,NOUN
perusal,8,8,NOUN
countrymen,8,8,NOUN
courier,8,7,NOUN
unlucky,8,8,ADJ
payed,8,7,VERB
explained,8,8,VERB
dominions,8,8,NOUN
nevertheless,8,8,ADV
chearfully,8,8,ADV
williamson,8,8,PROPN
juncture,8,8,NOUN
shocked,8,8,VERB
embrace,8,8,ADJ
warehouse,8,7,NOUN
condemned,8,8,VERB
seize,8,8,VERB
forms,8,8,VERB
apothecary,8,8,ADJ
seals,8,6,NOUN
serjeant,8,4,NOUN
mounted,8,7,VERB
decree,8,7,NOUN
rises,8,7,VERB
pernicious,8,7,ADJ
eating,8,8,VERB
swift,8,8,ADJ
patent,8,5,NOUN
fitzgerald,8,8,ADJ
fired,8,7,VERB
soho,8,7,PROPN
monster,8,8,NOUN
brudenell,8,5,NOUN
mix'd,8,7,NOUN
journal,8,7,NOUN
contest,8,8,NOUN
sadly,8,7,ADV
broad,8,7,ADJ
prendergast,8,7,PROPN
relieved,8,8,VERB
hackney,8,5,PROPN
scold,8,8,NOUN
thread,8,8,NOUN
espetially,8,8,ADV
hills,8,8,NOUN
handsomest,8,8,ADJ
establish,8,8,VERB
1772,8,7,NUM
seward,8,6,VERB
message,8,7,NOUN
admirer,8,8,NOUN
exert,8,8,VERB
condemn,8,8,VERB
altering,8,8,VERB
parent,8,8,NOUN
senses,8,8,NOUN
wretches,8,8,NOUN
1753,8,8,NUM
mutual,8,7,ADJ
provoked,8,8,VERB
stimulus,8,8,NOUN
harrowgate,8,4,VERB
concurrence,8,8,NOUN
exist,8,6,VERB
invented,8,8,VERB
strict,8,8,ADJ
revenue,8,5,NOUN
damer,8,4,PROPN
bitter,8,8,ADJ
carefull,8,8,ADJ
plantations,8,6,NOUN
appearing,8,8,VERB
lessen,8,8,VERB
beddoes,8,5,NOUN
recourse,8,8,VERB
prison,8,7,NOUN
moving,8,8,VERB
remov'd,8,8,VERB
lame,8,7,NOUN
-94,8,8,SYM
situations,8,8,NOUN
fortitude,8,8,NOUN
bag,8,8,NOUN
wellfare,8,7,NOUN
inflammation,8,4,NOUN
detail,8,8,NOUN
beleived,8,6,VERB
previous,8,8,ADJ
rogue,8,7,NOUN
ripe,8,4,ADJ
entry,8,7,NOUN
crime,8,8,NOUN
hertford,8,7,PROPN
burst,8,6,VERB
zoonomia,8,5,NOUN
agitation,8,8,NOUN
contempt,8,8,NOUN
recovers,8,7,VERB
disappointments,8,7,NOUN
jury,8,6,NOUN
practicable,8,8,ADJ
dartmouth,8,7,PROPN
purchased,8,8,VERB
spoken,8,8,VERB
occupation,8,8,NOUN
airs,8,6,NOUN
join'd,8,8,PROPN
pulse,8,5,NOUN
sailed,8,8,VERB
mornings,8,7,NOUN
shilling,8,8,NOUN
correspondent,8,8,NOUN
amends,8,7,NOUN
gods,8,8,NOUN
scituation,8,8,NOUN
team,8,4,NOUN
bodily,8,8,ADJ
provision,8,8,NOUN
preferments,8,7,NOUN
tincture,8,6,NOUN
esquire,7,5,PROPN
defer,7,7,VERB
toms,7,6,NOUN
oldest,7,6,ADJ
hutton,7,7,PROPN
scarcity,7,7,NOUN
families,7,7,NOUN
acknowledgments,7,7,NOUN
genuine,7,7,ADJ
preferred,7,7,VERB
parcell,7,5,NOUN
groom,7,7,NOUN
introduction,7,6,NOUN
indecent,7,6,NOUN
beating,7,7,VERB
giv'n,7,7,NOUN
malt,7,6,NOUN
curse,7,5,NOUN
grantham,7,6,PROPN
majesties,7,7,NOUN
courts,7,7,VERB
sophia,7,7,NOUN
forgotten,7,7,VERB
finch,7,7,PROPN
nerves,7,7,NOUN
translated,7,7,VERB
exertion,7,7,NOUN
shrewsbury,7,7,NOUN
threw,7,7,VERB
almanack,7,7,NOUN
resigning,7,7,VERB
warwickshire,7,7,NOUN
failed,7,7,VERB
altar,7,6,NOUN
exception,7,7,NOUN
millions,7,7,NOUN
arose,7,7,VERB
exeter,7,6,PROPN
neve,7,5,VERB
idleness,7,7,ADJ
missed,7,7,VERB
communicating,7,7,VERB
severity,7,7,NOUN
impropriety,7,7,NOUN
gratefull,7,7,ADJ
engag'd,7,7,VERB
opium,7,6,NOUN
wellcome,7,7,ADJ
sheets,7,7,NOUN
asleep,7,6,ADJ
awake,7,7,ADJ
imprudent,7,7,ADJ
impertinence,7,7,NOUN
leather,7,7,NOUN
husbands,7,7,NOUN
revive,7,7,VERB
parishioners,7,6,NOUN
hasty,7,7,ADJ
infamous,7,6,ADJ
pedigree,7,6,NOUN
inspection,7,7,NOUN
nephews,7,6,NOUN
defer'd,7,7,NOUN
liberal,7,7,ADJ
legacy,7,7,NOUN
behavior,7,6,NOUN
cruelly,7,5,ADV
terribly,7,7,ADV
swelling,7,6,VERB
whim,7,7,NOUN
contributed,7,7,VERB
compare,7,7,VERB
powel,7,6,PROPN
barry,7,6,PROPN
obey'd,7,7,PROPN
turin,7,7,PROPN
sunk,7,7,VERB
disbursements,7,7,NOUN
ely,7,6,ADV
bull,7,7,NOUN
minded,7,7,ADJ
gratefully,7,7,ADV
motives,7,7,NOUN
fools,7,7,NOUN
frightened,7,7,ADJ
conveniency,7,6,NOUN
transcribe,7,7,VERB
imperial,7,5,ADJ
recruits,7,6,NOUN
granting,7,7,VERB
inconsistent,7,7,ADJ
differences,7,7,NOUN
cutter,7,6,NOUN
uniformly,7,5,ADV
possess,7,7,VERB
tables,7,7,NOUN
instruments,7,7,NOUN
tanner,7,5,PROPN
considerations,7,7,NOUN
packing,7,7,VERB
urged,7,7,VERB
dose,7,7,NOUN
diversions,7,7,NOUN
imaginable,7,7,ADJ
firmness,7,6,NOUN
previously,7,7,ADV
burthen,7,7,NOUN
ascarides,7,4,NOUN
distressed,7,7,ADJ
formed,7,7,VERB
reform,7,7,NOUN
ingaged,7,7,VERB
withdraw,7,7,VERB
bounds,7,7,NOUN
aboard,7,7,ADP
complement,7,4,NOUN
yellow,7,6,ADJ
inconsiderable,7,7,ADJ
hillsborough,7,6,PROPN
whereby,7,7,SCONJ
souldiers,7,5,NOUN
mischiefe,7,6,NOUN
they'l,7,6,INTJ
egyptian,7,5,ADJ
twould,7,7,AUX
beside,7,7,ADP
precious,7,7,ADJ
thrive,7,6,VERB
orderly,7,7,PROPN
indian,7,4,ADJ
ons,7,7,NOUN
external,7,5,ADJ
arrears,7,7,NOUN
anecdotes,7,7,NOUN
johns,7,7,PROPN
vulgar,7,5,ADJ
1688,7,7,NUM
leasure,7,7,NOUN
bottles,7,6,NOUN
speake,7,5,VERB
chatham,7,6,PROPN
worshipfull,7,7,PROPN
seamen,7,6,NOUN
booksellers,7,7,NOUN
oner,7,6,NOUN
loue,7,7,NOUN
fitted,7,6,ADJ
fro~,7,7,PUNCT
helpe,7,5,VERB
simple,7,7,ADJ
copying,7,7,VERB
imposed,7,7,VERB
appleby,7,5,PROPN
cock,7,7,NOUN
stable,7,7,ADJ
protestants,7,7,NOUN
rochford,7,5,PROPN
feathers,7,4,NOUN
quartered,7,7,VERB
acland,7,4,PROPN
pressed,7,7,VERB
fitz,7,7,PROPN
newmarket,7,4,NOUN
touchet,7,5,NOUN
answerable,7,7,ADJ
immagination,7,7,NOUN
crewe,7,4,PROPN
nottingham,7,7,PROPN
sukey,7,5,NOUN
frd,7,7,NOUN
philosophical,7,7,ADJ
dissolved,7,7,VERB
w-,7,7,X
connections,7,7,NOUN
anothere,7,6,ADV
massam,7,6,PROPN
boughton,7,5,PROPN
1762,7,7,NUM
fuss,7,7,NOUN
crowd,7,7,NOUN
manager,7,6,NOUN
1779,7,7,NUM
embassador,7,6,NOUN
buckingham,7,7,PROPN
apprehensive,7,6,ADJ
stonehewer,7,4,NOUN
abhorrence,7,6,NOUN
jacobite,7,4,NOUN
heere,7,4,ADV
1788,7,7,NUM
blake,7,7,PROPN
1758,7,7,NUM
russell,7,6,PROPN
boston,7,6,VERB
si,7,7,X
calm,7,7,VERB
angel,7,7,NOUN
fixing,7,7,NOUN
soil,7,5,NOUN
dismal,7,6,ADJ
inches,7,7,NOUN
hire,7,6,VERB
attribute,7,7,VERB
balls,7,7,NOUN
thine,7,7,NOUN
immagine,7,7,VERB
worn,7,7,VERB
causes,7,7,NOUN
lot,7,7,NOUN
wits,7,7,NOUN
pursuing,7,7,VERB
reside,7,6,VERB
rectory,7,5,NOUN
fifty,7,7,NUM
1759,7,7,NUM
happyness,7,7,NOUN
threats,7,7,NOUN
surpris'd,7,6,VERB
stamford,7,7,PROPN
perpetually,7,7,ADV
insolent,7,7,ADJ
exactness,7,7,PROPN
spaniards,7,6,NOUN
apprehended,7,7,VERB
150,7,6,NUM
testament,7,7,NOUN
for't,7,6,NOUN
harvest,7,7,NOUN
occurred,7,7,VERB
oppertunity,7,7,NOUN
vexatious,7,6,ADJ
agst,7,7,ADV
hebrew,7,6,ADJ
studdy,7,7,ADJ
promising,7,7,ADJ
nobleman,7,7,NOUN
infinite,7,7,VERB
solution,7,4,NOUN
1780,7,7,NUM
palmer,7,6,NOUN
westmoreland,7,7,NOUN
miserably,7,7,ADV
watching,7,7,VERB
error,7,7,NOUN
clarke,7,6,PROPN
thankfull,7,6,ADJ
rude,7,7,ADJ
preached,7,7,VERB
accidents,7,7,NOUN
derbyshire,7,7,NOUN
samuel,7,7,PROPN
1796,7,6,NUM
trustees,7,7,NOUN
candidates,7,7,NOUN
sutton,7,7,PROPN
marble,7,6,NOUN
3l~,7,7,ADV
outside,7,7,NOUN
rev,7,7,PROPN
surrey,7,7,NOUN
endeavouring,7,7,VERB
medicine,7,6,NOUN
cheif,7,7,NOUN
coventry,7,7,PROPN
baxter,7,4,PROPN
polish,7,6,NOUN
everywhere,7,6,ADV
amounts,7,7,VERB
rogues,7,5,NOUN
dyson,7,5,NOUN
soft,7,7,ADJ
vexes,7,7,VERB
feild,7,7,NOUN
congregation,7,6,NOUN
cloaths,7,4,NOUN
1797,7,7,NUM
bind,7,7,VERB
sweetness,7,6,NOUN
ecclesiastical,7,6,ADJ
afforded,7,7,VERB
governed,7,7,VERB
treating,7,7,VERB
bees,7,5,NOUN
lodged,7,6,VERB
mail,7,7,NOUN
ns,7,6,X
loosing,7,7,VERB
pitty,7,7,ADJ
detriment,7,7,NOUN
consented,7,6,VERB
lowndes,7,6,NOUN
shows,7,7,VERB
garter,7,5,NOUN
commanding,7,7,VERB
instruct,7,6,VERB
stole,7,4,NOUN
deeds,7,6,NOUN
peevish,7,7,NOUN
coronation,7,6,NOUN
widdow,7,7,NOUN
boast,7,6,NOUN
alarmed,7,7,VERB
rudd,7,5,PROPN
cards,7,7,NOUN
arrives,7,7,VERB
jealousies,7,4,NOUN
breath,7,7,NOUN
eagerness,7,7,NOUN
needless,7,6,ADJ
huske,7,5,PROPN
hereabouts,7,7,VERB
effected,7,7,VERB
preference,7,7,NOUN
imediately,7,7,ADV
lincolns,7,7,PROPN
possibility,7,7,NOUN
gage,7,7,NOUN
impartial,7,7,ADJ
confounded,7,7,VERB
honor'd,7,7,ADJ
cotesworth,7,4,PROPN
disappoint,7,7,VERB
unkindly,7,7,ADV
10s,7,6,NOUN
fruits,7,7,NOUN
blind,7,7,ADJ
englishman,7,7,NOUN
congratulations,7,7,NOUN
1741,7,7,NUM
ministerial,7,6,ADJ
feed,7,6,VERB
cox,7,6,PROPN
hungary,7,7,PROPN
paul,7,7,PROPN
lecture,7,7,NOUN
compassion,7,7,NOUN
related,7,7,VERB
forgett,7,7,VERB
swore,7,7,VERB
jenny,7,6,PROPN
sensibly,7,7,ADV
detachment,7,6,NOUN
shoreham,7,7,NOUN
proceeded,7,7,VERB
sence,7,7,NOUN
proclamation,7,6,NOUN
lastly,7,7,ADV
engagements,7,6,NOUN
fill'd,7,7,VERB
republican,7,6,PROPN
feared,7,7,VERB
janry,7,7,PROPN
holdernesse,7,6,PROPN
grass,7,7,NOUN
dayes,7,6,NOUN
considerably,7,7,ADV
concur,7,7,VERB
complaisance,7,6,NOUN
capper,7,6,NOUN
clerks,7,7,NOUN
cecyl,7,4,NOUN
admirable,7,7,ADJ
contained,7,5,VERB
sanguine,7,7,ADJ
presumed,7,7,VERB
counsel,7,6,NOUN
discover'd,7,6,PROPN
complaining,7,7,VERB
suffers,7,7,VERB
amounting,7,5,VERB
barbarous,7,7,ADJ
goldsworthy,7,5,ADJ
footing,7,7,NOUN
spectators,7,7,NOUN
gowland,7,7,PROPN
steel,7,7,PROPN
febry,7,7,PROPN
cleared,7,7,VERB
rd,7,5,PROPN
perswade,7,7,VERB
empty,7,7,ADJ
warden,7,7,NOUN
soften,7,7,VERB
opposing,7,6,NOUN
habitation,7,7,NOUN
disburstments,7,6,NOUN
refuses,7,7,VERB
actor,7,7,NOUN
denied,7,7,VERB
candid,7,7,ADJ
portion,7,7,NOUN
halifax,7,6,PROPN
justification,7,7,NOUN
comons,7,6,NOUN
elbow,7,7,NOUN
showed,7,7,VERB
applause,7,6,NOUN
rejected,7,7,VERB
unpardonable,7,6,ADJ
communication,7,7,NOUN
continual,7,7,ADJ
rebels,7,5,NOUN
cordial,7,7,NOUN
maids,7,6,NOUN
talke,7,7,VERB
grenadiers,7,6,NOUN
seperate,7,5,ADJ
sin,7,7,NOUN
harrington,7,6,PROPN
whigg,7,7,ADJ
perticulars,7,6,NOUN
obtain'd,7,6,PROPN
assurances,7,7,NOUN
reconciliation,7,7,NOUN
adjourn'd,7,7,PROPN
rebellious,7,7,ADJ
muses,7,5,NOUN
odious,7,6,ADJ
attacked,7,7,VERB
testimony,7,7,NOUN
wore,7,6,VERB
despise,7,7,VERB
resistance,7,7,NOUN
esteem'd,7,7,VERB
sepr,7,7,PROPN
pudding,7,6,NOUN
enemys,7,7,PROPN
replied,7,6,VERB
everyone,7,6,PRON
rising,7,6,VERB
declining,7,7,VERB
retire,6,5,VERB
carpenter,6,6,PROPN
cornish,6,4,PROPN
workmanship,6,6,NOUN
anti,6,4,NOUN
sing,6,6,VERB
northampton,6,5,PROPN
gross,6,6,ADJ
regimen,6,6,NOUN
hanoverian,6,5,ADJ
receipts,6,4,NOUN
bodies,6,6,NOUN
band,6,6,NOUN
apparent,6,6,ADJ
loud,6,5,ADJ
ague,6,6,NOUN
secrecy,6,6,NOUN
kinds,6,6,NOUN
consumption,6,6,NOUN
edwd,6,6,PROPN
junr,6,5,PROPN
choir,6,6,PROPN
studying,6,6,VERB
tolls,6,4,NOUN
inquired,6,6,VERB
mon,6,6,PROPN
beasts,6,6,NOUN
receiveing,6,6,VERB
tabiters,6,5,NOUN
proposition,6,5,NOUN
browhams,6,5,NOUN
copied,6,6,VERB
song,6,6,NOUN
empire,6,6,NOUN
aim'd,6,6,VERB
lincolnshire,6,5,NOUN
byron,6,4,PROPN
owes,6,6,VERB
cream,6,6,NOUN
negative,6,6,NOUN
nigh,6,6,NOUN
slept,6,6,VERB
refrain,6,6,VERB
expired,6,6,VERB
pulling,6,4,VERB
conveyance,6,6,NOUN
lucas,6,6,PROPN
national,6,6,ADJ
calamity,6,6,NOUN
refusal,6,6,NOUN
suite,6,6,NOUN
loyalty,6,6,NOUN
slowly,6,6,ADV
1750,6,6,NUM
apple,6,4,NOUN
1785,6,6,NUM
coz,6,5,PROPN
daresay,6,6,VERB
unfinished,6,6,ADJ
repairing,6,5,VERB
1791,6,6,NUM
burke,6,6,NOUN
popularity,6,5,NOUN
architecture,6,5,NOUN
fisher,6,5,PROPN
stevens,6,5,NOUN
professions,6,5,NOUN
loath,6,6,ADJ
pennant,6,5,PROPN
arises,6,6,VERB
prices,6,6,NOUN
portman,6,5,PROPN
smell,6,5,NOUN
petitions,6,6,NOUN
remained,6,6,VERB
catholics,6,4,NOUN
drunken,6,6,ADJ
civilly,6,6,ADV
1798,6,6,NUM
renders,6,6,VERB
1774,6,6,NUM
etruscan,6,6,NOUN
displeas'd,6,6,VERB
chapter,6,5,NOUN
beast,6,6,NOUN
test,6,5,NOUN
walk'd,6,6,ADV
suppos'd,6,6,NOUN
petit,6,5,ADJ
il,6,6,PROPN
chapman,6,6,NOUN
doctors,6,6,NOUN
provisions,6,6,NOUN
crying,6,6,VERB
excessive,6,6,ADJ
soldier,6,6,NOUN
intolerable,6,6,ADJ
precisely,6,5,ADV
troubles,6,6,NOUN
provoking,6,5,VERB
rochester,6,6,PROPN
reached,6,6,VERB
wher,6,6,NOUN
partys,6,6,NOUN
alliance,6,6,NOUN
allready,6,6,ADV
asure,6,5,VERB
successe,6,5,NOUN
tolerably,6,6,ADV
wisher,6,6,NOUN
intimation,6,6,NOUN
seemes,6,5,NOUN
stil,6,5,ADV
esp,6,6,ADJ
layd,6,6,NOUN
confinement,6,6,NOUN
protest,6,6,VERB
priestley,6,5,PROPN
ossory,6,4,PROPN
jno,6,5,PROPN
purple,6,4,NOUN
loaded,6,4,VERB
domestic,6,6,ADJ
tg,6,6,PROPN
soame,6,4,PROPN
ungrateful,6,6,ADJ
india,6,6,PROPN
ticket,6,5,NOUN
toad,6,5,NOUN
dish,6,6,NOUN
mediterranean,6,6,NOUN
stopped,6,6,VERB
un,6,6,PROPN
likeness,6,5,NOUN
center,6,5,NOUN
debtor,6,6,NOUN
withall,6,6,ADV
incapable,6,6,ADJ
insulted,6,6,VERB
poll,6,6,NOUN
efforts,6,6,NOUN
tends,6,6,VERB
ladyship,6,6,NOUN
specific,6,5,ADJ
shine,6,6,NOUN
laught,6,6,VERB
talk't,6,5,NOUN
accation,6,4,NOUN
payments,6,5,NOUN
reversion,6,5,NOUN
breach,6,6,NOUN
blew,6,6,NOUN
lyon,6,6,NOUN
viset,6,5,VERB
closed,6,6,VERB
belive,6,6,VERB
favoured,6,6,VERB
butter,6,5,NOUN
math,6,6,PROPN
reserved,6,6,VERB
meek,6,6,NOUN
congratulated,6,5,VERB
5000,6,6,NUM
otherways,6,6,NOUN
meekness,6,5,ADJ
undertaken,6,6,VERB
ingage,6,6,NOUN
begining,6,6,NOUN
independent,6,6,ADJ
unavoidable,6,6,ADJ
increases,6,6,VERB
mark'd,6,5,NOUN
approaches,6,6,VERB
freindship,6,5,NOUN
compy,6,6,NOUN
conollys,6,5,NOUN
dye,6,6,VERB
4000,6,6,NUM
allows,6,5,VERB
newport,6,5,PROPN
doctr,6,5,PROPN
dans,6,6,NOUN
treats,6,6,VERB
issioners,6,4,NOUN
affaires,6,6,NOUN
herbert,6,6,PROPN
uses,6,6,VERB
1687,6,6,NUM
conformity,6,6,ADJ
coolness,6,5,NOUN
supposes,6,5,VERB
moreover,6,6,ADV
profound,6,5,ADJ
leaveing,6,6,NOUN
lake,6,4,NOUN
xtmas,6,6,PROPN
comment,6,6,NOUN
recalled,6,5,VERB
engagement,6,6,NOUN
chelsea,6,6,NOUN
cavendish,6,6,PROPN
stanhope,6,4,PROPN
westmerland,6,5,PROPN
beaufort,6,5,NOUN
destroy,6,6,VERB
kingdome,6,6,PROPN
gutts,6,4,NOUN
northamptonshire,6,6,NOUN
vigorous,6,6,ADJ
archbp,6,5,NOUN
philip,6,6,PROPN
ed,6,6,PROPN
perpetual,6,6,ADJ
35,6,5,NUM
colliery,6,4,NOUN
occassion,6,6,NOUN
brathwaite,6,4,PROPN
handsom,6,5,ADJ
crow,6,6,NOUN
faulty,6,6,ADJ
shade,6,6,NOUN
stout,6,6,ADJ
russia,6,5,PROPN
grieved,6,6,VERB
expresses,6,6,VERB
middlesex,6,5,NOUN
sloop,6,6,NOUN
plagues,6,6,VERB
intimated,6,6,VERB
myselfe,6,5,NOUN
meddle,6,6,VERB
growth,6,6,NOUN
wainscott,6,4,NOUN
justices,6,6,NOUN
forming,6,6,VERB
tricks,6,6,NOUN
p.m.,6,6,NOUN
humane,6,5,ADJ
satturday,6,5,NOUN
1778,6,6,NUM
obliges,6,6,NOUN
1783,6,6,NUM
riots,6,5,NOUN
commerce,6,6,NOUN
suspended,6,6,VERB
nonsence,6,6,NOUN
fretting,6,6,VERB
greate,6,4,NOUN
ile,6,4,ADV
joe,6,4,PROPN
d.f,6,6,PROPN
lettice,6,5,NOUN
passt,6,4,NOUN
extream,6,6,VERB
shell,6,5,ADJ
wholesome,6,5,ADJ
pursued,6,6,VERB
hopeful,6,5,ADJ
hartfordshire,6,5,PROPN
lasts,6,5,VERB
confirmed,6,6,VERB
darlington,6,6,PROPN
provident,6,6,ADJ
vessel,6,5,NOUN
uneasie,6,6,ADJ
quitting,6,6,VERB
continuation,6,6,NOUN
repaid,6,5,VERB
protect,6,5,VERB
damp,6,6,NOUN
sitt,6,6,VERB
newspaper,6,6,NOUN
contracted,6,5,VERB
kirk,6,6,PROPN
temptation,6,6,NOUN
colledge,6,6,PROPN
drawings,6,4,NOUN
appearances,6,6,NOUN
knees,6,6,NOUN
plummer,6,4,PROPN
deceased,6,6,ADJ
attendants,6,6,NOUN
marrying,6,5,NOUN
authorized,6,6,VERB
farmers,6,6,NOUN
inducement,6,6,NOUN
quarterly,6,6,ADJ
existence,6,6,NOUN
unkindness,6,5,ADJ
injustice,6,5,NOUN
malice,6,6,NOUN
flannel,6,5,NOUN
openly,6,6,ADV
concludes,6,6,VERB
try'd,6,6,ADJ
jersey,6,4,PROPN
mistook,6,6,VERB
niece,6,6,NOUN
siege,6,6,NOUN
clarendon,6,4,NOUN
renew,6,6,VERB
filial,6,6,ADJ
foresee,6,5,VERB
ardent,6,6,ADJ
brigadier,6,6,NOUN
advancement,6,6,NOUN
throughout,6,6,ADP
endeavoured,6,6,VERB
oranges,6,5,NOUN
ys,6,5,PROPN
bible,6,6,PROPN
p,6,6,PROPN
reliance,6,4,NOUN
fright,6,6,NOUN
plac'd,6,6,VERB
bench,6,6,NOUN
turner,6,4,PROPN
check,6,6,NOUN
prov'd,6,6,VERB
partake,6,6,VERB
finances,6,6,NOUN
executor,6,6,NOUN
answerd,6,6,ADJ
intent,6,6,ADJ
calais,6,6,PROPN
sailing,6,6,NOUN
carry'd,6,6,PROPN
1787,6,5,NUM
thetford,6,6,PROPN
sepbr,6,6,NOUN
merchant,6,6,NOUN
lays,6,6,VERB
bathurst,6,5,PROPN
bearing,6,6,VERB
howard,6,6,PROPN
tickets,6,6,NOUN
branches,6,6,NOUN
1786,6,6,NUM
consulting,6,6,VERB
manuscript,6,4,NOUN
smooth,6,4,ADJ
recommending,6,5,VERB
dolly,6,5,ADV
jesus,6,6,PROPN
covering,6,6,NOUN
scarlet,6,6,ADJ
pack'd,6,5,NOUN
hales,6,6,NOUN
prize,6,6,NOUN
hastily,6,6,ADV
feather,6,4,NOUN
register,6,5,VERB
attentions,6,6,NOUN
owners,6,6,NOUN
possesses,6,6,VERB
informing,6,6,VERB
visitt,6,6,NOUN
prevail'd,6,6,PROPN
convinces,6,6,VERB
singing,6,5,NOUN
actors,6,6,NOUN
marquis,6,6,PROPN
adds,6,6,VERB
matches,6,6,NOUN
delights,6,6,VERB
clouds,6,5,NOUN
peer,6,6,NOUN
fitzherbert,6,5,PROPN
aforesaid,6,6,VERB
representative,6,6,NOUN
torment,6,6,VERB
worthless,6,6,ADJ
requir'd,6,6,ADJ
complains,6,6,VERB
imediatly,6,5,ADV
conquest,6,6,NOUN
virtuous,6,6,ADJ
endure,6,6,VERB
britannia,6,5,NOUN
impossibility,6,6,NOUN
hertfordshire,6,6,NOUN
compleated,6,6,VERB
battalion,6,4,NOUN
1751,6,6,NUM
worcester,6,5,PROPN
native,6,6,ADJ
cities,6,4,NOUN
prepar'd,6,6,NOUN
velvet,6,4,NOUN
imagination,6,6,NOUN
oeconomy,6,6,NOUN
knife,6,6,NOUN
pulled,6,6,VERB
prescribed,6,6,VERB
padua,6,4,PROPN
remind,6,6,VERB
flesh,6,5,NOUN
regimt,6,4,NOUN
advanc'd,6,6,VERB
muse,6,5,NOUN
spoil,6,6,VERB
species,6,6,NOUN
ma,6,4,PROPN
impudent,6,6,ADJ
concluding,6,6,VERB
ornaments,6,5,NOUN
transparent,6,4,ADJ
polishing,6,4,VERB
travels,6,6,NOUN
digested,6,6,VERB
urge,6,6,VERB
montague,6,5,NOUN
solicitor,6,6,NOUN
statute,6,4,NOUN
whereof,6,6,VERB
societies,6,6,NOUN
individual,6,6,ADJ
corrections,6,5,NOUN
footman,6,6,NOUN
shakespear,6,5,ADJ
diocess,6,6,NOUN
route,6,6,NOUN
converse,6,6,VERB
wet,6,6,ADJ
hallifax,6,4,PROPN
colleges,6,6,NOUN
applications,6,6,NOUN
guilt,6,6,NOUN
stating,6,5,VERB
engines,6,5,NOUN
disturbed,6,6,VERB
cobham,6,5,PROPN
excellently,6,6,ADV
believing,6,6,VERB
preferable,6,6,ADJ
mysterious,6,5,ADJ
insert,6,6,PROPN
novelty,6,6,NOUN
conjectures,6,6,NOUN
prelate,6,6,NOUN
gently,6,6,ADV
marching,6,6,VERB
pay'd,6,4,VERB
fled,6,5,VERB
nevile,6,6,PROPN
advantagious,6,6,ADJ
forwardness,6,6,NOUN
reverse,6,6,NOUN
writings,6,6,NOUN
critics,6,5,NOUN
quickness,6,6,NOUN
breathing,6,6,NOUN
assert,6,6,VERB
consist,6,6,VERB
parishes,6,4,NOUN
grieves,6,6,VERB
losing,6,6,VERB
seige,6,4,NOUN
incline,6,6,VERB
attendant,6,6,NOUN
sealed,6,6,VERB
vanish,6,6,VERB
gen,6,5,PROPN
presently,6,6,ADV
agreeably,6,6,ADV
favors,6,6,NOUN
incur,6,6,VERB
administer,6,6,VERB
erected,6,5,VERB
alledge,6,6,VERB
destruction,6,6,NOUN
heberden,6,6,PROPN
nasty,6,6,ADJ
thankful,6,6,ADJ
scripture,6,5,NOUN
naval,6,4,ADJ
appointing,6,6,VERB
worldly,6,5,ADJ
desireing,6,6,VERB
condole,6,6,NOUN
singly,6,6,ADV
askd,6,4,ADV
harefield,6,4,PROPN
reformation,6,6,NOUN
flung,6,6,VERB
j,6,5,PROPN
infant,6,5,NOUN
meadows,6,4,NOUN
honours,6,6,NOUN
employments,6,6,NOUN
flow,6,6,NOUN
recomend,6,6,VERB
doat,6,6,VERB
creditt,6,6,NOUN
marshall,6,6,NOUN
nail,6,5,NOUN
retirement,6,5,NOUN
poetical,6,6,ADJ
extensive,6,6,ADJ
jealousy,6,6,NOUN
adl,6,5,NOUN
insensible,6,6,ADJ
alarms,6,6,VERB
comands,6,6,NOUN
salutary,6,5,ADJ
embark,6,6,VERB
countess,6,5,ADJ
apace,6,6,NOUN
miscarried,6,6,VERB
yourselves,6,6,NOUN
inclin'd,6,4,ADJ
jamaica,6,6,PROPN
enlarge,6,6,VERB
deceived,6,4,VERB
pursuit,6,5,NOUN
amounted,6,6,VERB
utility,6,5,NOUN
extend,6,6,VERB
pure,6,6,ADJ
sans,6,6,NOUN
brandy,6,6,NOUN
disgust,6,6,NOUN
ungratefull,6,6,ADJ
reviews,6,6,NOUN
kill'd,6,6,VERB
supplying,6,6,VERB
follows,6,6,VERB
oftener,6,6,NOUN
recall,6,6,NOUN
publishing,6,6,VERB
legal,6,5,ADJ
advertised,6,5,VERB
contain'd,6,6,PROPN
strangers,6,6,NOUN
slave,6,6,NOUN
gos,6,5,VERB
deferred,6,6,VERB
showing,6,6,VERB
respected,6,6,ADJ
contract,6,6,NOUN
controversy,6,6,NOUN
coins,6,6,NOUN
innocence,6,5,NOUN
performing,6,6,VERB
asham'd,6,6,ADJ
cotton,6,5,PROPN
increasing,6,6,VERB
magazine,6,5,NOUN
resignation,6,6,NOUN
gotten,6,6,VERB
poyntz,6,5,PROPN
smallpox,6,6,NOUN
salisbury,6,5,NOUN
genoa,6,4,PROPN
pappa,6,5,PROPN
nova,6,6,PROPN
leveson,6,6,NOUN
salutes,6,6,VERB
sentiment,6,6,NOUN
prosperous,6,6,ADJ
detained,6,5,VERB
avail,6,6,VERB
cape,6,5,NOUN
medicines,6,6,NOUN
wisely,6,6,ADV
gibson,6,5,PROPN
reffer,6,6,VERB
transports,6,6,NOUN
chemical,6,5,ADJ
animals,6,6,NOUN
intelligent,6,6,ADJ
unluckily,6,6,ADV
majestys,6,6,NOUN
impressions,6,6,NOUN
chase,6,5,NOUN
bishoprick,6,6,NOUN
arising,6,5,VERB
carlos,6,4,PROPN
attributed,6,6,VERB
unworthy,6,6,ADJ
connection,6,6,NOUN
dialogue,6,4,NOUN
thousands,6,5,NOUN
brass,6,6,NOUN
"10,000",6,6,NUM
attempting,6,6,VERB
antique,6,6,ADJ
pots,6,6,NOUN
created,6,6,VERB
subscriptions,6,5,NOUN
hessians,6,5,NOUN
